player_id,stagione,nome,ruolo,ruolo_mantra,squadra,quotazione_attuale,quotazione_iniziale,diff_quotazione,fvm,ceduto,indice_finale,rank_ruolo,totale_ruolo,rank_generale,totale_generale,performance_score,reliability_score,forma_attuale_score,titolarita_score,presenze_pesate,fantamedia,media_voto,presenze_totali,presenza_pct,presenze_medie,gol_stagione,assist_stagione,gs_stagione,rigori_parati,varianza_voto,varianza_gol,ammonizioni,espulsioni,titolarita,is_titolare,infortunato,desc_infortunio,squalificato,rigorista_pos,punizioni_pos,updated_at
5841,2026-27,Svilar,P,Por,ROMA,19,18,1,85,False,73.99,3.0,71.0,14.0,560.0,63.14,80.16,30.95,68.84,26.16,5.41,6.31,96,50.5,19.2,0.0,0.0,17.6,0.2,0.207,0.0,0.6,0.0,titolare,True,False,,False,,,2026-09-09T13:29:56.628602+00:00
4431,2026-27,Carnesecchi,P,Por,ATALANTA,17,16,1,55,False,76.71,2.0,71.0,7.0,560.0,64.07,86.94,50.0,79.18,30.09,5.27,6.32,127,66.8,25.4,0.0,0.4,29.4,0.8,0.292,0.0,0.4,0.0,titolare,True,False,,False,,,2026-09-09T13:29:56.628602+00:00
5116,2026-27,Martinez Jo.,P,Por,INTER,17,17,0,68,False,50.05,20.0,71.0,178.0,560.0,37.43,39.53,21.43,26.84,10.2,5.09,6.14,48,31.6,12.0,0.0,0.0,12.8,0.2,0.178,0.0,0.5,0.2,titolare,True,False,,False,,,2026-09-09T13:29:56.628602+00:00
4964,2026-27,Vicario,P,Por,JUVENTUS,17,16,1,70,False,60.35,13.0,71.0,104.0,560.0,60.64,48.39,30.95,17.79,6.76,4.97,6.41,71,62.3,23.7,0.0,0.0,36.3,1.0,0.288,0.0,1.3,0.0,titolare,True,False,,False,,,2026-09-09T13:29:56.628602+00:00
6966,2026-27,Butez,P,Por,COMO,15,16,-1,50,False,54.07,15.0,71.0,140.0,560.0,37.07,52.5,14.29,47.5,18.05,5.29,6.11,59,51.8,19.7,0.0,0.3,17.0,0.3,0.139,0.0,1.0,0.0,titolare,True,False,,False,,,2026-09-09T13:29:56.628602+00:00
4312,2026-27,Maignan,P,Por,MILAN,15,15,0,52,False,68.71,5.0,71.0,41.0,560.0,51.79,82.71,21.43,87.37,33.2,5.28,6.19,159,69.7,26.5,0.0,0.3,25.5,0.7,0.277,0.0,1.2,0.2,titolare,True,False,,False,,,2026-09-09T13:29:56.628602+00:00
2521,2026-27,De Gea,P,Por,FIORENTINA,11,13,-2,30,False,67.28,6.0,71.0,53.0,560.0,61.0,71.41,4.76,57.11,21.7,5.11,6.26,74,64.9,24.7,0.0,0.0,31.3,1.0,0.337,0.0,0.3,0.0,titolare,True,False,,False,,,2026-09-09T13:29:56.628602+00:00
572,2026-27,Meret,P,Por,NAPOLI,11,11,0,48,False,64.85,9.0,71.0,67.0,560.0,50.43,68.04,21.43,61.03,23.19,5.37,6.17,119,52.2,19.8,0.0,0.2,18.2,0.8,0.231,0.0,0.2,0.0,titolare,True,False,,False,,,2026-09-09T13:29:56.628602+00:00
133,2026-27,Skorupski,P,Por,BOLOGNA,10,10,0,32,False,65.14,8.0,71.0,63.0,560.0,51.36,74.27,9.52,70.45,26.77,5.05,6.18,152,66.7,25.3,0.0,0.0,30.2,0.8,0.284,0.0,2.0,0.2,titolare,True,False,,False,,,2026-09-09T13:29:56.628602+00:00
4360,2026-27,Caprile,P,Por,CAGLIARI,10,9,1,25,False,69.6,4.0,71.0,36.0,560.0,59.43,73.52,47.62,61.58,23.4,5.06,6.26,85,55.9,21.2,0.0,0.0,26.0,0.2,0.277,0.0,0.5,0.0,titolare,True,False,,False,,,2026-09-09T13:29:56.628602+00:00
6482,2026-27,Mandas,P,Por,LAZIO,10,9,1,36,False,53.33,17.0,71.0,147.0,560.0,54.79,39.79,30.95,10.13,3.85,5.58,6.26,19,16.7,6.3,0.0,0.0,4.3,0.0,0.094,0.0,0.0,0.0,titolare,True,False,,False,,,2026-09-09T13:29:56.628602+00:00
6462,2026-27,Okoye,P,Por,UDINESE,9,9,0,28,False,51.5,19.0,71.0,163.0,560.0,29.36,51.94,30.95,55.13,20.95,4.81,6.11,78,51.3,19.5,0.0,0.2,25.0,0.2,0.238,0.0,1.0,0.2,titolare,True,False,,False,,,2026-09-09T13:29:56.628602+00:00
6534,2026-27,Perri,P,Por,TORINO,9,9,0,26,False,16.62,45.0,71.0,453.0,560.0,0.0,0.0,0.0,0.0,0.0,,,0,0.0,0.0,0.0,0.0,0.0,0.0,,,0.0,0.0,titolare,True,False,,False,,,2026-09-09T13:29:56.628602+00:00
7332,2026-27,Bijlow,P,Por,GENOA,8,8,0,15,False,40.89,27.0,71.0,240.0,560.0,34.36,29.98,9.52,14.74,5.6,4.69,6.0,18,23.7,9.0,0.0,0.0,11.5,0.0,0.206,0.0,0.5,0.0,titolare,True,False,,False,,,2026-09-09T13:29:56.628602+00:00
2134,2026-27,Falcone,P,Por,LECCE,8,8,0,26,False,77.37,1.0,71.0,4.0,560.0,65.0,96.46,30.95,94.11,35.76,4.99,6.3,164,71.9,27.3,0.0,0.0,37.7,0.8,0.355,0.0,1.3,0.0,titolare,True,False,,False,,,2026-09-09T13:29:56.628602+00:00
6344,2026-27,Sanchez Ro.,P,Por,COMO,8,8,0,25,False,,,,,,,,,,,,,0,0.0,0.0,0.0,0.0,0.0,0.0,,,0.0,0.0,panchina,False,False,,False,,,2026-09-09T13:29:56.628602+00:00
4236,2026-27,Muric,P,Por,SASSUOLO,7,7,0,15,False,43.73,24.0,71.0,218.0,560.0,28.86,34.26,30.95,29.47,11.2,4.76,6.09,34,44.7,17.0,0.0,0.0,23.0,0.5,0.492,0.0,2.0,0.0,titolare,True,False,,False,,,2026-09-09T13:29:56.628602+00:00
7411,2026-27,Daffara,P,Por,PARMA,6,7,-1,7,False,14.52,47.0,71.0,469.0,560.0,0.0,0.0,0.0,0.0,0.0,,,0,0.0,0.0,0.0,0.0,0.0,0.0,,,0.0,0.0,panchina,False,False,,False,,,2026-09-09T13:29:56.628602+00:00
6248,2026-27,Stankovic F.,P,Por,VENEZIA,6,6,0,11,False,54.03,16.0,71.0,141.0,560.0,62.21,44.21,21.43,9.87,3.75,5.09,6.53,17,22.4,8.5,0.0,0.0,13.5,0.5,0.483,0.0,0.5,0.0,titolare,True,False,,False,,,2026-09-09T13:29:56.628602+00:00
6415,2026-27,Palmisani,P,Por,FROSINONE,5,4,1,12,False,18.05,43.0,71.0,442.0,560.0,0.0,0.0,30.95,0.0,0.0,5.75,6.25,2,5.3,2.0,0.0,0.0,1.0,0.0,0.125,0.0,0.0,0.0,titolare,True,False,,False,,,2026-09-09T13:29:56.628602+00:00
2170,2026-27,Milinkovic-Savic V.,P,Por,NAPOLI,5,5,0,5,False,61.02,12.0,71.0,101.0,560.0,48.0,80.65,0.0,85.84,32.62,5.21,6.14,165,86.8,33.0,0.0,0.0,34.2,1.6,0.315,0.0,2.4,0.0,panchina,False,False,,False,,,2026-09-09T13:29:56.628602+00:00
4485,2026-27,Thiam,P,Por,MONZA,4,5,-1,5,False,15.2,46.0,71.0,464.0,560.0,0.0,0.0,2.38,0.0,0.0,1.5,4.5,1,2.6,1.0,0.0,0.0,3.0,0.0,,0.0,0.0,0.0,titolare,True,False,,False,,,2026-09-09T13:29:56.628602+00:00
7463,2026-27,Desplanches,P,Por,FROSINONE,2,2,0,1,False,13.45,48.0,71.0,475.0,560.0,0.0,0.0,0.0,0.0,0.0,,,0,0.0,0.0,0.0,0.0,0.0,0.0,,,0.0,0.0,panchina,False,False,,False,,,2026-09-09T13:29:56.628602+00:00
2814,2026-27,Provedel,P,Por,INTER,2,2,0,5,False,62.14,11.0,71.0,90.0,560.0,52.57,80.1,0.0,78.26,29.74,5.01,6.2,155,81.6,31.0,0.0,0.0,36.8,0.2,0.2,0.0,0.8,0.0,panchina,False,False,,False,,,2026-09-09T13:29:56.628602+00:00
6662,2026-27,Corvi,P,Por,PARMA,2,1,1,10,False,44.95,22.0,71.0,211.0,560.0,43.79,33.97,14.29,15.66,5.95,5.0,6.13,19,25.0,9.5,0.0,0.0,10.5,0.0,0.385,0.0,0.5,0.0,titolare,True,False,,False,,,2026-09-09T13:29:56.628602+00:00
4,2026-27,Sportiello,P,Por,ATALANTA,1,1,0,1,False,32.46,42.0,71.0,328.0,560.0,27.21,24.17,0.0,11.71,4.45,4.8,6.13,30,15.8,6.0,0.0,0.0,8.0,0.0,0.154,0.0,0.0,0.0,panchina,False,False,,False,,,2026-09-09T13:29:56.628602+00:00
7533,2026-27,Happonen,P,Por,BOLOGNA,1,1,0,1,False,13.31,71.0,71.0,498.0,560.0,0.0,0.0,0.0,0.0,0.0,,,0,0.0,0.0,0.0,0.0,0.0,0.0,,,0.0,0.0,panchina,False,False,,False,,,2026-09-09T13:29:56.628602+00:00
7172,2026-27,Pessina Mas.,P,Por,BOLOGNA,1,1,0,1,False,36.83,33.0,71.0,280.0,560.0,41.43,28.5,0.0,3.68,1.4,5.62,6.12,4,10.5,4.0,0.0,0.0,2.0,0.0,0.062,0.0,0.0,0.0,panchina,False,False,,False,,,2026-09-09T13:29:56.628602+00:00
6650,2026-27,Sherri,P,Por,CAGLIARI,1,1,0,1,False,32.69,41.0,71.0,325.0,560.0,32.79,23.33,0.0,4.61,1.75,4.29,5.86,7,18.4,7.0,0.0,0.0,11.0,0.0,0.143,0.0,0.0,0.0,panchina,False,False,,False,,,2026-09-09T13:29:56.628602+00:00
7301,2026-27,Tornqvist,P,Por,MONZA,1,1,0,10,False,13.31,59.0,71.0,486.0,560.0,0.0,0.0,0.0,0.0,0.0,,,0,0.0,0.0,0.0,0.0,0.0,0.0,,,0.0,0.0,panchina,False,False,,False,,,2026-09-09T13:29:56.628602+00:00
2809,2026-27,Vigorito,P,Por,COMO,1,1,0,1,False,13.31,62.0,71.0,489.0,560.0,0.0,0.0,0.0,0.0,0.0,,,0,0.0,0.0,0.0,0.0,0.0,0.0,,,0.0,0.0,panchina,False,False,,False,,,2026-09-09T13:29:56.628602+00:00
6403,2026-27,Christensen O.,P,Por,FIORENTINA,1,1,0,1,False,44.86,23.0,71.0,212.0,560.0,58.21,37.24,0.0,3.03,1.15,3.9,5.9,5,6.6,2.5,0.0,0.0,5.0,0.0,1.175,0.0,0.0,0.0,panchina,False,False,,False,,,2026-09-09T13:29:56.628602+00:00
158,2026-27,Lezzerini,P,Por,FIORENTINA,1,1,0,1,False,36.55,34.0,71.0,282.0,560.0,43.0,27.62,0.0,1.26,0.48,4.5,6.17,6,15.8,6.0,0.0,0.0,9.0,0.0,0.167,0.0,2.0,0.0,panchina,False,False,,False,,,2026-09-09T13:29:56.628602+00:00
7466,2026-27,Lolic,P,Por,FROSINONE,1,1,0,1,False,13.31,54.0,71.0,481.0,560.0,0.0,0.0,0.0,0.0,0.0,,,0,0.0,0.0,0.0,0.0,0.0,0.0,,,0.0,0.0,,False,False,,False,,,2026-09-09T13:29:56.628602+00:00
219,2026-27,Sommariva,P,Por,GENOA,1,1,0,1,False,38.78,29.0,71.0,251.0,560.0,46.79,29.5,0.0,2.5,0.95,4.5,6.17,3,3.9,1.5,0.0,0.0,2.5,0.0,1.083,0.0,0.0,0.0,panchina,False,False,,False,,,2026-09-09T13:29:56.628602+00:00
6569,2026-27,Stolz,P,Por,GENOA,1,1,0,1,False,13.31,66.0,71.0,493.0,560.0,0.0,0.0,0.0,0.0,0.0,,,0,0.0,0.0,0.0,0.0,0.0,0.0,,,0.0,0.0,panchina,False,False,,False,,,2026-09-09T13:29:56.628602+00:00
1926,2026-27,Di Gennaro,P,Por,INTER,1,1,0,1,False,37.11,32.0,71.0,276.0,560.0,43.93,28.3,0.0,1.45,0.55,5.75,6.25,2,2.6,1.0,0.0,0.0,0.5,0.0,0.125,0.0,0.0,0.0,panchina,False,False,,False,,,2026-09-09T13:29:56.628602+00:00
1930,2026-27,Pinsoglio,P,Por,JUVENTUS,1,1,0,1,False,38.45,30.0,71.0,256.0,560.0,47.0,30.16,0.0,0.74,0.28,6.0,6.5,2,2.6,1.0,0.0,0.0,0.5,0.0,0.0,0.0,0.0,0.0,panchina,False,False,,False,,,2026-09-09T13:29:56.628602+00:00
7337,2026-27,Motta,P,Por,LAZIO,1,1,0,1,False,33.94,37.0,71.0,310.0,560.0,32.86,24.4,0.0,8.29,3.15,5.17,6.0,9,23.7,9.0,0.0,0.0,10.0,1.0,0.438,0.0,1.0,0.0,panchina,False,False,,False,,,2026-09-09T13:29:56.628602+00:00
7534,2026-27,Renzetti,P,Por,LAZIO,1,1,0,1,False,13.31,51.0,71.0,478.0,560.0,0.0,0.0,0.0,0.0,0.0,,,0,0.0,0.0,0.0,0.0,0.0,0.0,,,0.0,0.0,panchina,False,False,,False,,,2026-09-09T13:29:56.628602+00:00
2815,2026-27,Terracciano,P,Por,MILAN,1,1,0,1,False,42.75,25.0,71.0,226.0,560.0,32.07,43.96,0.0,37.08,14.09,4.95,6.09,99,52.1,19.8,0.0,0.0,23.8,0.6,0.26,0.0,0.8,0.0,panchina,False,False,,False,,,2026-09-09T13:29:56.628602+00:00
6813,2026-27,Torriani,P,Por,MILAN,1,1,0,1,False,13.31,56.0,71.0,483.0,560.0,0.0,0.0,0.0,0.0,0.0,,,0,0.0,0.0,0.0,0.0,0.0,0.0,,,0.0,0.0,panchina,False,False,,False,,,2026-09-09T13:29:56.628602+00:00
7475,2026-27,Strajnar,P,Por,MONZA,1,1,0,1,False,13.31,52.0,71.0,479.0,560.0,0.0,0.0,0.0,0.0,0.0,,,0,0.0,0.0,0.0,0.0,0.0,0.0,,,0.0,0.0,panchina,False,False,,False,,,2026-09-09T13:29:56.628602+00:00
2845,2026-27,Contini,P,Por,NAPOLI,1,1,0,1,False,35.33,36.0,71.0,296.0,560.0,41.5,25.46,0.0,0.53,0.2,6.0,6.0,1,2.6,1.0,0.0,0.0,0.0,0.0,,0.0,0.0,0.0,panchina,False,False,,False,,,2026-09-09T13:29:56.628602+00:00
7048,2026-27,De Marzi,P,Por,ROMA,1,1,0,1,False,13.31,50.0,71.0,477.0,560.0,0.0,0.0,0.0,0.0,0.0,,,0,0.0,0.0,0.0,0.0,0.0,0.0,,,0.0,0.0,panchina,False,False,,False,,,2026-09-09T13:29:56.628602+00:00
610,2026-27,Gollini,P,Por,ROMA,1,1,0,1,False,32.73,40.0,71.0,324.0,560.0,28.43,24.59,0.0,10.5,3.99,4.71,5.98,21,18.4,7.0,0.0,0.0,9.7,0.3,0.187,0.0,0.3,0.0,panchina,False,False,,False,,,2026-09-09T13:29:56.628602+00:00
4518,2026-27,Russo A.,P,Por,SASSUOLO,1,1,0,1,False,33.85,38.0,71.0,312.0,560.0,39.07,23.05,0.0,0.32,0.12,2.0,5.0,1,2.6,1.0,0.0,0.0,3.0,0.0,,0.0,0.0,0.0,,False,False,,False,,,2026-09-09T13:29:56.628602+00:00
4867,2026-27,Turati,P,Por,SASSUOLO,1,1,0,1,False,55.53,14.0,71.0,130.0,560.0,55.71,59.23,0.0,41.58,15.8,4.62,6.24,67,58.8,22.3,0.0,0.0,39.0,1.0,0.306,0.0,0.3,0.0,panchina,False,False,,False,,,2026-09-09T13:29:56.628602+00:00
7457,2026-27,Mascardi,P,Por,TORINO,1,1,0,5,False,17.55,44.0,71.0,447.0,560.0,0.0,0.0,14.29,0.0,0.0,3.75,5.75,2,5.3,2.0,0.0,0.0,4.0,0.0,0.125,0.0,0.0,0.0,panchina,False,False,,False,,,2026-09-09T13:29:56.628602+00:00
5320,2026-27,Paleari,P,Por,TORINO,1,1,0,1,False,53.06,18.0,71.0,148.0,560.0,57.86,52.42,0.0,27.37,10.4,4.48,6.1,30,39.5,15.0,0.0,0.0,24.0,0.0,0.248,0.0,0.5,0.0,,False,False,,False,,,2026-09-09T13:29:56.628602+00:00
7363,2026-27,Siviero,P,Por,TORINO,1,1,0,1,False,13.31,53.0,71.0,480.0,560.0,0.0,0.0,0.0,0.0,0.0,,,0,0.0,0.0,0.0,0.0,0.0,0.0,,,0.0,0.0,panchina,False,False,,False,,,2026-09-09T13:29:56.628602+00:00
543,2026-27,Padelli,P,Por,UDINESE,1,1,0,1,False,40.64,28.0,71.0,244.0,560.0,49.5,32.74,0.0,3.13,1.19,4.58,6.25,6,5.3,2.0,0.0,0.0,3.3,0.0,0.675,0.0,0.0,0.0,panchina,False,False,,False,,,2026-09-09T13:29:56.628602+00:00
5707,2026-27,Piana,P,Por,UDINESE,1,1,0,1,False,13.31,68.0,71.0,495.0,560.0,0.0,0.0,0.0,0.0,0.0,,,0,0.0,0.0,0.0,0.0,0.0,0.0,,,0.0,0.0,,False,False,,False,,,2026-09-09T13:29:56.628602+00:00
6671,2026-27,Grandi,P,Por,VENEZIA,1,1,0,1,False,13.31,65.0,71.0,492.0,560.0,0.0,0.0,0.0,0.0,0.0,,,0,0.0,0.0,0.0,0.0,0.0,0.0,,,0.0,0.0,panchina,False,False,,False,,,2026-09-09T13:29:56.628602+00:00
7531,2026-27,Pozzi,P,Por,VENEZIA,1,1,0,1,False,13.31,60.0,71.0,487.0,560.0,0.0,0.0,0.0,0.0,0.0,,,0,0.0,0.0,0.0,0.0,0.0,0.0,,,0.0,0.0,panchina,False,False,,False,,,2026-09-09T13:29:56.628602+00:00
2127,2026-27,Satalino,P,Por,SASSUOLO,1,1,0,1,False,13.31,69.0,71.0,496.0,560.0,0.0,0.0,0.0,0.0,0.0,,,0,0.0,0.0,0.0,0.0,0.0,0.0,,,0.0,0.0,panchina,False,False,,False,,,2026-09-09T13:29:56.628602+00:00
7557,2026-27,Penev,P,Por,LECCE,1,1,0,1,False,13.31,67.0,71.0,494.0,560.0,0.0,0.0,0.0,0.0,0.0,,,0,0.0,0.0,0.0,0.0,0.0,0.0,,,0.0,0.0,panchina,False,False,,False,,,2026-09-09T13:29:56.628602+00:00
7560,2026-27,Pisseri,P,Por,FROSINONE,1,1,0,1,False,13.31,70.0,71.0,497.0,560.0,0.0,0.0,0.0,0.0,0.0,,,0,0.0,0.0,0.0,0.0,0.0,0.0,,,0.0,0.0,,False,False,,False,,,2026-09-09T13:29:56.628602+00:00
3,2026-27,Radunovic,P,Por,CAGLIARI,1,1,0,1,False,33.14,39.0,71.0,320.0,560.0,34.43,22.59,0.0,4.32,1.64,4.5,5.9,10,13.2,5.0,0.0,0.0,8.5,0.5,0.711,0.0,0.0,0.0,panchina,False,False,,False,,,2026-09-09T13:29:56.628602+00:00
4957,2026-27,Montipò,P,Por,VENEZIA,1,1,0,1,False,65.82,7.0,71.0,58.0,560.0,56.64,91.4,0.0,94.24,35.81,4.75,6.2,179,94.2,35.8,0.0,0.2,55.2,1.2,0.251,0.0,0.4,0.0,panchina,False,False,,False,,,2026-09-09T13:29:56.628602+00:00
4468,2026-27,Bleve,P,Por,LECCE,1,1,0,1,False,13.31,49.0,71.0,476.0,560.0,0.0,0.0,0.0,0.0,0.0,,,0,0.0,0.0,0.0,0.0,0.0,0.0,,,0.0,0.0,panchina,False,False,,False,,,2026-09-09T13:29:56.628602+00:00
7603,2026-27,Grabara,P,Por,JUVENTUS,1,1,0,1,False,13.31,58.0,71.0,485.0,560.0,0.0,0.0,0.0,0.0,0.0,,,0,0.0,0.0,0.0,0.0,0.0,0.0,,,0.0,0.0,panchina,False,False,,False,,,2026-09-09T13:29:56.628602+00:00
7611,2026-27,Mrozek,P,Por,UDINESE,1,1,0,1,False,13.31,64.0,71.0,491.0,560.0,0.0,0.0,0.0,0.0,0.0,,,0,0.0,0.0,0.0,0.0,0.0,0.0,,,0.0,0.0,panchina,False,False,,False,,,2026-09-09T13:29:56.628602+00:00
2874,2026-27,Ghidotti,P,Por,PARMA,1,1,0,1,False,,,,,,,,,,,,,0,0.0,0.0,0.0,0.0,0.0,0.0,,,0.0,0.0,panchina,False,False,,False,,,2026-09-09T13:29:56.628602+00:00
7626,2026-27,Pompei,P,Por,ATALANTA,1,1,0,1,False,,,,,,,,,,,,,0,0.0,0.0,0.0,0.0,0.0,0.0,,,0.0,0.0,panchina,False,False,,False,,,2026-09-09T13:29:56.628602+00:00
254,2026-27,Dimarco,D,E;W,INTER,31,32,-1,240,False,78.38,2.0,201.0,3.0,560.0,65.0,90.86,39.15,84.76,32.21,6.99,6.36,157,68.9,26.2,3.7,6.2,0.0,0.0,0.372,0.256,1.2,0.0,panchina,False,False,,False,,2.0,2026-09-09T13:29:56.628602+00:00
7181,2026-27,Wesley,D,E,ROMA,18,17,1,87,False,64.94,23.0,201.0,65.0,560.0,58.63,52.38,48.06,27.63,10.5,6.52,6.16,32,42.1,16.0,2.5,0.5,0.0,0.0,0.443,0.144,2.5,1.0,titolare,True,False,,False,,,2026-09-09T13:29:56.628602+00:00
4998,2026-27,Molina N.,D,E,ROMA,18,18,0,78,False,48.32,67.0,201.0,192.0,560.0,44.45,31.22,20.54,7.37,2.8,6.58,6.04,36,47.4,18.0,3.5,1.0,0.0,0.0,0.477,0.165,2.5,0.5,panchina,False,False,,False,,,2026-09-09T13:29:56.628602+00:00
2788,2026-27,Bremer,D,Dc,JUVENTUS,16,15,1,60,False,76.06,6.0,201.0,11.0,560.0,64.58,77.56,49.61,63.26,24.04,6.54,6.27,133,58.3,22.2,2.5,0.7,0.0,0.0,0.407,0.234,4.7,0.0,titolare,True,False,,False,,,2026-09-09T13:29:56.628602+00:00
2296,2026-27,Mancini,D,Dc,ROMA,16,15,1,50,False,80.2,1.0,201.0,1.0,560.0,63.93,95.55,43.8,93.92,35.69,6.17,6.09,178,78.1,29.7,1.8,1.0,0.0,0.0,0.288,0.171,7.8,0.2,titolare,True,False,,False,,,2026-09-09T13:29:56.628602+00:00
4159,2026-27,Akanji,D,Dc,INTER,15,16,-1,47,False,64.1,25.0,201.0,73.0,560.0,62.73,56.28,7.75,29.47,11.2,6.34,6.24,34,44.7,17.0,1.0,0.0,0.0,0.0,0.291,0.057,2.5,0.0,titolare,True,False,,False,,,2026-09-09T13:29:56.628602+00:00
4409,2026-27,Rrahmani,D,Dc,NAPOLI,15,14,1,51,False,76.62,5.0,201.0,9.0,560.0,63.08,83.95,39.15,75.92,28.85,6.33,6.14,152,66.7,25.3,2.0,0.5,0.0,0.0,0.413,0.199,2.8,0.0,titolare,True,False,,False,,,2026-09-09T13:29:56.628602+00:00
2120,2026-27,Bastoni,D,Dc,INTER,14,14,0,43,False,76.95,3.0,201.0,6.0,560.0,64.45,86.16,39.15,77.26,29.36,6.36,6.26,150,65.8,25.0,0.7,2.5,0.0,0.0,0.221,0.097,3.7,0.2,titolare,True,False,,False,,,2026-09-09T13:29:56.628602+00:00
4976,2026-27,Kalulu,D,Dd;Dc,JUVENTUS,14,13,1,47,False,73.32,8.0,201.0,17.0,560.0,58.08,78.41,43.8,71.34,27.11,6.14,6.04,130,57.0,21.7,0.8,1.0,0.0,0.0,0.411,0.097,2.0,0.3,titolare,True,False,,False,,,2026-09-09T13:29:56.628602+00:00
5022,2026-27,Pavlovic,D,Dc,MILAN,14,14,0,49,False,69.29,14.0,201.0,39.0,560.0,60.68,64.67,39.15,45.79,17.4,6.41,6.11,58,50.9,19.3,2.3,0.3,0.0,0.0,0.342,0.165,2.7,0.3,titolare,True,False,,False,,,2026-09-09T13:29:56.628602+00:00
5833,2026-27,Gila,D,Dc,MILAN,13,12,1,31,False,66.79,19.0,201.0,56.0,560.0,51.2,67.17,43.8,61.29,23.29,5.95,6.03,88,46.3,17.6,0.2,0.0,0.0,0.0,0.338,0.026,2.6,0.4,titolare,True,False,,False,,,2026-09-09T13:29:56.628602+00:00
4317,2026-27,N'Dicka,D,Dc,ROMA,13,13,0,42,False,70.09,11.0,201.0,34.0,560.0,57.43,75.23,20.54,66.71,25.35,6.08,6.01,95,62.5,23.8,0.8,1.0,0.0,0.0,0.324,0.075,3.2,0.0,titolare,True,False,,False,,,2026-09-09T13:29:56.628602+00:00
6956,2026-27,Solet,D,Dc,UDINESE,13,13,0,46,False,68.25,15.0,201.0,44.0,560.0,61.33,63.89,28.68,43.82,16.65,6.35,6.16,55,48.2,18.3,1.3,0.7,0.0,0.0,0.362,0.097,0.7,0.3,panchina,False,True,"noie muscolari alla gamba, out contro l'Inter",False,2.0,,2026-09-09T13:29:56.628602+00:00
6217,2026-27,Bisseck,D,Dc,INTER,12,11,1,36,False,69.72,12.0,201.0,35.0,560.0,62.08,65.04,48.06,44.74,17.0,6.63,6.17,63,41.4,15.8,2.2,1.2,0.0,0.0,0.315,0.201,1.5,0.0,titolare,True,False,,False,,,2026-09-09T13:29:56.628602+00:00
2514,2026-27,Stones,D,Dc,INTER,12,12,0,25,False,20.55,152.0,201.0,424.0,560.0,0.0,0.0,28.68,0.0,0.0,6.0,6.0,2,5.3,2.0,0.0,0.0,0.0,0.0,0.0,0.0,0.0,0.0,panchina,False,False,,False,,,2026-09-09T13:29:56.628602+00:00
2816,2026-27,Di Lorenzo,D,Dd;E,NAPOLI,12,12,0,39,False,76.62,4.0,201.0,8.0,560.0,63.05,90.32,28.68,85.87,32.63,6.37,6.15,171,75.0,28.5,1.7,2.7,0.0,0.0,0.312,0.154,3.2,0.0,titolare,True,False,,False,,,2026-09-09T13:29:56.628602+00:00
5750,2026-27,Ostigard,D,Dc,GENOA,11,11,0,41,False,65.0,22.0,201.0,64.0,560.0,53.3,58.73,43.8,43.21,16.42,6.09,5.97,73,38.4,14.6,1.2,0.0,0.0,0.0,0.544,0.14,2.8,0.4,titolare,True,False,,False,2.0,,2026-09-09T13:29:56.628602+00:00
4807,2026-27,Hermoso,D,Dc,ROMA,11,10,1,26,False,40.49,94.0,201.0,245.0,560.0,17.48,26.7,43.8,27.5,10.45,6.21,6.06,33,28.9,11.0,1.0,0.7,0.0,0.0,0.496,0.096,3.3,0.3,titolare,True,False,,False,,,2026-09-09T13:29:56.628602+00:00
5982,2026-27,Spence,D,E,INTER,11,12,-1,37,False,46.39,70.0,201.0,201.0,560.0,44.28,32.54,0.0,7.89,3.0,5.97,6.0,15,39.5,15.0,0.0,0.0,0.0,0.0,0.107,0.0,1.0,0.0,panchina,False,False,,False,,,2026-09-09T13:29:56.628602+00:00
5526,2026-27,Scalvini,D,Dc,ATALANTA,10,10,0,28,False,57.55,39.0,201.0,116.0,560.0,38.28,56.09,28.68,55.16,20.96,6.16,6.0,109,47.8,18.2,1.2,0.7,0.0,0.0,0.35,0.137,2.5,0.0,titolare,True,False,,False,,,2026-09-09T13:29:56.628602+00:00
6869,2026-27,Ramon,D,Dc,COMO,10,10,0,31,False,63.56,27.0,201.0,78.0,560.0,60.55,55.08,28.68,29.47,11.2,6.13,6.15,34,44.7,17.0,1.0,0.0,0.0,0.0,0.281,0.06,5.5,0.5,titolare,True,False,,False,,,2026-09-09T13:29:56.628602+00:00
5641,2026-27,Chalobah T.,D,Dd;Dc,COMO,10,9,1,32,False,21.9,150.0,201.0,418.0,560.0,0.0,0.0,43.8,0.0,0.0,6.5,6.5,2,5.3,2.0,0.0,0.0,0.0,0.0,0.0,0.0,0.0,0.0,titolare,True,False,,False,,,2026-09-09T13:29:56.628602+00:00
5885,2026-27,Dodò,D,Dd;E,FIORENTINA,9,10,-1,20,False,64.06,26.0,201.0,74.0,560.0,52.68,73.86,4.65,69.76,26.51,6.05,6.0,111,58.4,22.2,0.4,2.0,0.0,0.0,0.384,0.051,3.6,0.2,panchina,False,False,,False,,,2026-09-09T13:29:56.628602+00:00
5514,2026-27,Vasquez,D,Ds;Dc,GENOA,9,9,0,30,False,74.07,7.0,201.0,13.0,560.0,60.13,90.05,13.57,88.42,33.6,6.05,6.01,160,70.2,26.7,1.2,0.2,0.0,0.0,0.302,0.137,5.2,0.0,titolare,True,False,,False,,,2026-09-09T13:29:56.628602+00:00
4994,2026-27,Vojvoda,D,Dd;E,UDINESE,9,8,1,19,False,65.75,21.0,201.0,59.0,560.0,51.23,72.79,43.8,68.32,25.96,6.07,5.96,133,58.3,22.2,0.5,2.3,0.0,0.0,0.246,0.075,2.8,0.0,titolare,True,False,,False,,,2026-09-09T13:29:56.628602+00:00
5555,2026-27,Kamara H.,D,Ds;E,UDINESE,9,6,3,12,False,59.4,36.0,201.0,109.0,560.0,48.7,66.8,49.61,60.0,22.8,6.1,5.99,89,58.6,22.2,1.0,1.5,0.0,0.0,0.221,0.102,3.8,0.2,titolare,True,False,,False,,,2026-09-09T13:29:56.628602+00:00
554,2026-27,Zappacosta,D,Dd;E,ATALANTA,8,8,0,19,False,70.52,10.0,201.0,29.0,560.0,58.6,85.07,28.68,81.45,30.95,6.3,6.03,150,65.8,25.0,2.3,1.7,0.0,0.0,0.285,0.211,3.5,0.0,panchina,False,False,,False,,,2026-09-09T13:29:56.628602+00:00
4734,2026-27,Miranda J.,D,Ds;E,BOLOGNA,8,8,0,23,False,63.23,28.0,201.0,80.0,560.0,55.43,61.58,20.54,47.63,18.1,6.12,6.02,61,53.5,20.3,0.3,3.0,0.0,0.0,0.454,0.027,3.3,0.3,titolare,True,False,,False,,3.0,2026-09-09T13:29:56.628602+00:00
4657,2026-27,Celik,D,B;Dd;E,JUVENTUS,8,8,0,16,False,62.22,30.0,201.0,87.0,560.0,51.75,69.69,28.68,62.16,23.62,5.93,5.94,97,51.1,19.4,0.2,1.0,0.0,0.0,0.267,0.026,2.8,0.4,titolare,True,False,,False,,,2026-09-09T13:29:56.628602+00:00
5520,2026-27,Cambiaso,D,Dd;Ds;E,JUVENTUS,8,9,-1,18,False,68.11,16.0,201.0,45.0,560.0,49.75,82.49,20.54,87.16,33.12,6.11,5.96,159,69.7,26.5,1.3,2.8,0.0,0.0,0.304,0.137,3.8,0.3,panchina,False,False,,False,,,2026-09-09T13:29:56.628602+00:00
6320,2026-27,Doekhi,D,Dc,LAZIO,8,7,1,16,False,17.82,160.0,201.0,446.0,560.0,0.0,0.0,39.15,0.0,0.0,6.25,6.25,2,5.3,2.0,0.0,0.0,0.0,0.0,0.125,0.0,0.0,0.0,titolare,True,False,,False,,,2026-09-09T13:29:56.628602+00:00
6989,2026-27,Tiago Gabriel,D,Dc,LECCE,8,7,1,20,False,62.19,32.0,201.0,89.0,560.0,59.8,57.48,28.68,34.47,13.1,6.1,6.01,40,35.1,13.3,1.0,0.0,0.0,0.0,0.417,0.079,2.3,0.0,titolare,True,False,,False,,,2026-09-09T13:29:56.628602+00:00
6496,2026-27,Bartesaghi,D,Ds;E,MILAN,8,8,0,22,False,42.21,86.0,201.0,229.0,560.0,21.58,32.26,28.68,32.11,12.2,5.96,5.92,39,25.7,9.8,0.5,0.0,0.0,0.0,0.336,0.03,0.8,0.2,panchina,False,False,,False,,,2026-09-09T13:29:56.628602+00:00
1852,2026-27,Spinazzola,D,Ds;E,NAPOLI,8,8,0,25,False,69.33,13.0,201.0,38.0,560.0,61.2,75.9,13.57,63.5,24.13,6.33,6.09,106,46.5,17.7,1.0,1.7,0.0,0.0,0.228,0.137,1.0,0.0,titolare,True,False,,False,,,2026-09-09T13:29:56.628602+00:00
6664,2026-27,Delprato,D,B;Dd;E,PARMA,8,8,0,21,False,61.97,33.0,201.0,95.0,560.0,49.9,62.36,28.68,54.61,20.75,6.13,5.97,71,62.3,23.7,2.0,0.0,0.0,0.0,0.399,0.137,4.7,0.0,titolare,True,False,,False,,,2026-09-09T13:29:56.628602+00:00
5862,2026-27,Valeri,D,Ds;E,PARMA,8,8,0,22,False,64.37,24.0,201.0,70.0,560.0,45.9,72.76,28.68,73.26,27.84,6.14,5.98,122,64.2,24.4,0.8,2.4,0.0,0.0,0.231,0.075,1.8,0.0,titolare,True,False,,False,2.0,3.0,2026-09-09T13:29:56.628602+00:00
7529,2026-27,Koulierakis,D,Dc,ROMA,8,8,0,15,False,16.63,164.0,201.0,452.0,560.0,0.0,0.0,20.54,0.0,0.0,6.0,6.0,1,2.6,1.0,0.0,0.0,0.0,0.0,,0.0,0.0,0.0,panchina,False,False,,False,,,2026-09-09T13:29:56.628602+00:00
6495,2026-27,Comuzzo,D,Dc,TORINO,8,6,2,13,False,46.63,69.0,201.0,200.0,560.0,30.78,45.55,39.15,41.58,15.8,5.91,5.86,56,36.8,14.0,0.8,0.0,0.0,0.0,0.288,0.09,2.0,0.0,titolare,True,False,,False,,,2026-09-09T13:29:56.628602+00:00
6727,2026-27,Couto,D,Dd;E,COMO,8,8,0,25,False,18.69,157.0,201.0,437.0,560.0,0.0,0.0,7.75,0.0,0.0,5.5,5.5,2,5.3,2.0,0.0,0.0,0.0,0.0,0.5,0.0,0.0,0.0,titolare,True,False,,False,,,2026-09-09T13:29:56.628602+00:00
5675,2026-27,Theate,D,Ds;Dc,BOLOGNA,8,8,0,20,False,40.36,95.0,201.0,246.0,560.0,38.8,27.39,0.0,6.32,2.4,6.05,5.92,30,78.9,30.0,2.0,1.0,0.0,0.0,0.381,0.064,6.0,0.0,titolare,True,False,,False,,,2026-09-09T13:29:56.628602+00:00
4137,2026-27,Diego Carlos,D,Dc,PARMA,8,8,0,26,False,,,,,,,,,,,6.1,6.14,25,65.8,25.0,1.0,0.0,0.0,0.0,0.157,0.04,8.0,0.0,titolare,True,False,,False,,,2026-09-09T13:29:56.628602+00:00
6046,2026-27,Hien,D,Dc,ATALANTA,7,8,-1,11,False,52.58,57.0,201.0,154.0,560.0,45.68,66.93,0.0,66.55,25.29,5.81,5.94,111,73.0,27.8,0.2,0.0,0.0,0.0,0.36,0.026,7.0,0.2,panchina,False,True,"lesione del tendine prossimale del muscolo semimembranoso della coscia sinistra, rientro inizio ottobre",False,,,2026-09-09T13:29:56.628602+00:00
6042,2026-27,Lucumì,D,Dc,JUVENTUS,7,8,-1,17,False,57.49,40.0,201.0,117.0,560.0,40.03,67.32,11.24,72.53,27.56,5.82,5.9,123,64.7,24.6,0.2,0.4,0.0,0.0,0.322,0.026,4.8,0.2,titolare,True,False,,False,,,2026-09-09T13:29:56.628602+00:00
4433,2026-27,Zortea,D,Dd;E,BOLOGNA,7,6,1,19,False,66.12,20.0,201.0,57.0,560.0,54.25,74.84,28.68,68.39,25.99,6.25,5.97,122,53.5,20.3,1.7,2.0,0.0,0.0,0.286,0.199,2.7,0.0,panchina,False,False,,False,,,2026-09-09T13:29:56.628602+00:00
4210,2026-27,Mina,D,Dc,CAGLIARI,7,8,-1,20,False,62.21,31.0,201.0,88.0,560.0,56.48,65.54,0.0,52.24,19.85,6.15,6.03,72,63.2,24.0,1.7,0.3,0.0,0.0,0.488,0.099,4.0,0.7,panchina,False,False,,False,3.0,,2026-09-09T13:29:56.628602+00:00
5701,2026-27,Obert,D,B;Ds;E,CAGLIARI,7,7,0,15,False,40.65,93.0,201.0,243.0,560.0,17.33,41.7,13.57,51.5,19.57,5.79,5.8,72,37.9,14.4,0.2,0.8,0.0,0.0,0.307,0.029,2.6,0.2,titolare,True,False,,False,,,2026-09-09T13:29:56.628602+00:00
5365,2026-27,Dragusin,D,Dc,FIORENTINA,7,8,-1,20,False,48.64,66.0,201.0,190.0,560.0,45.95,36.27,2.33,13.79,5.24,5.95,5.82,39,34.2,13.0,0.7,0.3,0.0,0.0,0.546,0.067,1.3,0.0,titolare,True,False,,False,,,2026-09-09T13:29:56.628602+00:00
6531,2026-27,Jimenez A.,D,Dd;Ds;E,FIORENTINA,7,8,-1,18,False,31.78,120.0,201.0,341.0,560.0,15.38,18.76,2.71,15.26,5.8,5.66,5.82,25,16.4,6.2,0.0,0.0,0.0,0.0,0.372,0.0,2.0,0.0,panchina,False,False,,False,,,2026-09-09T13:29:56.628602+00:00
7469,2026-27,Bracaglia,D,Ds;Dc,FROSINONE,7,5,2,15,False,15.93,167.0,201.0,459.0,560.0,0.0,0.0,48.06,0.0,0.0,8.5,6.75,2,5.3,2.0,1.0,1.0,0.0,0.0,1.125,0.5,1.0,0.0,titolare,True,False,,False,,,2026-09-09T13:29:56.628602+00:00
5620,2026-27,Tavares N.,D,Ds;E,LAZIO,7,6,1,25,False,57.22,41.0,201.0,118.0,560.0,57.45,56.04,37.98,35.39,13.45,6.18,6.11,46,40.4,15.3,0.0,2.7,0.0,0.0,0.455,0.0,2.3,0.3,titolare,True,False,,False,,,2026-09-09T13:29:56.628602+00:00
4401,2026-27,Gabbia,D,Dc,MILAN,7,7,0,15,False,56.37,42.0,201.0,123.0,560.0,37.93,57.05,20.54,56.42,21.44,5.94,5.91,88,38.6,14.7,0.7,0.0,0.0,0.0,0.308,0.097,3.0,0.0,panchina,False,True,"problema alla caviglia, da valutare convocazione contro la Lazio",False,,,2026-09-09T13:29:56.628602+00:00
7485,2026-27,Mangas,D,Ds;E,MONZA,7,6,1,15,False,16.86,163.0,201.0,451.0,560.0,0.0,0.0,28.68,0.0,0.0,6.5,6.0,2,5.3,2.0,0.0,1.0,0.0,0.0,0.5,0.0,0.0,0.0,titolare,True,False,,False,,,2026-09-09T13:29:56.628602+00:00
6672,2026-27,Idzes,D,Dc,SASSUOLO,7,7,0,19,False,59.47,35.0,201.0,108.0,560.0,47.83,61.76,20.54,55.26,21.0,5.94,5.95,71,62.3,23.7,0.3,0.0,0.0,0.0,0.33,0.027,2.7,0.0,titolare,True,False,,False,,,2026-09-09T13:29:56.628602+00:00
6642,2026-27,Coco,D,Dc,TORINO,7,7,0,14,False,44.65,78.0,201.0,214.0,560.0,25.4,46.77,13.57,53.29,20.25,5.87,5.85,69,60.5,23.0,1.0,0.3,0.0,0.0,0.436,0.053,4.3,0.0,panchina,False,False,,False,,,2026-09-09T13:29:56.628602+00:00
5010,2026-27,Ismajli,D,Dc,TORINO,7,7,0,13,False,56.13,43.0,201.0,125.0,560.0,42.23,64.09,28.68,65.82,25.01,5.78,5.9,122,53.5,20.3,0.0,0.3,0.0,0.0,0.413,0.0,3.3,0.0,titolare,True,False,,False,,,2026-09-09T13:29:56.628602+00:00
4664,2026-27,Badiashile,D,Dc,NAPOLI,7,7,0,18,False,16.96,162.0,201.0,450.0,560.0,0.0,0.0,0.0,0.0,0.0,,,0,0.0,0.0,0.0,0.0,0.0,0.0,,,0.0,0.0,panchina,False,False,,False,,,2026-09-09T13:29:56.628602+00:00
7580,2026-27,Sutalo J.,D,Dc,LAZIO,7,7,0,19,False,15.96,166.0,201.0,458.0,560.0,0.0,0.0,0.0,0.0,0.0,,,0,0.0,0.0,0.0,0.0,0.0,0.0,,,0.0,0.0,panchina,False,False,,False,,,2026-09-09T13:29:56.628602+00:00
7220,2026-27,Belghali,D,Dd;E,TORINO,7,7,0,20,False,,,,,,,,,,,6.21,6.1,26,68.4,26.0,2.0,0.0,0.0,0.0,0.22,0.074,6.0,0.0,panchina,False,False,,False,,,2026-09-09T13:29:56.628602+00:00
2640,2026-27,Kolasinac,D,Ds;Dc,ATALANTA,6,5,1,8,False,55.34,48.0,201.0,131.0,560.0,59.48,64.23,28.68,46.05,17.5,6.01,6.06,71,46.7,17.8,0.2,0.5,0.0,0.0,0.207,0.029,3.5,0.0,panchina,False,False,,False,,,2026-09-09T13:29:56.628602+00:00
4887,2026-27,Bellanova,D,Dd;E,ATALANTA,6,6,0,17,False,62.72,29.0,201.0,86.0,560.0,52.53,75.94,0.0,72.24,27.45,6.11,5.98,135,71.1,27.0,0.4,3.6,0.0,0.0,0.298,0.051,2.6,0.0,titolare,True,False,,False,,,2026-09-09T13:29:56.628602+00:00
7219,2026-27,Bernasconi,D,Ds;E,ATALANTA,6,6,0,18,False,53.9,53.0,201.0,142.0,560.0,55.98,47.16,11.24,20.26,7.7,6.13,6.07,23,30.3,11.5,0.0,1.5,0.0,0.0,0.143,0.0,1.5,0.0,titolare,True,False,,False,,,2026-09-09T13:29:56.628602+00:00
7212,2026-27,Heggem,D,Ds;Dc,BOLOGNA,6,6,0,15,False,38.3,100.0,201.0,261.0,560.0,26.93,29.42,7.75,23.03,8.75,5.76,5.81,27,35.5,13.5,0.0,0.0,0.0,0.0,0.484,0.0,0.5,0.5,titolare,True,False,,False,,,2026-09-09T13:29:56.628602+00:00
5678,2026-27,Holm,D,Dd;E,BOLOGNA,6,5,1,13,False,58.12,38.0,201.0,114.0,560.0,54.38,57.85,39.15,40.42,15.36,6.2,6.01,70,36.8,14.0,0.8,1.4,0.0,0.0,0.282,0.104,2.0,0.2,titolare,True,False,,False,,,2026-09-09T13:29:56.628602+00:00
7414,2026-27,Kaiki,D,Ds;E,COMO,6,7,-1,13,False,14.77,171.0,201.0,465.0,560.0,0.0,0.0,0.0,0.0,0.0,,,0,0.0,0.0,0.0,0.0,0.0,0.0,,,0.0,0.0,panchina,False,False,,False,,,2026-09-09T13:29:56.628602+00:00
6867,2026-27,Valle,D,Ds;E,COMO,6,6,0,21,False,55.86,44.0,201.0,126.0,560.0,47.33,48.9,28.68,32.5,12.35,6.06,5.98,41,36.0,13.7,0.3,1.0,0.0,0.0,0.224,0.032,1.7,0.0,titolare,True,False,,False,,,2026-09-09T13:29:56.628602+00:00
7410,2026-27,Viery,D,Ds;Dc,FIORENTINA,6,6,0,12,False,16.06,165.0,201.0,457.0,560.0,0.0,0.0,11.24,0.0,0.0,5.5,5.5,1,2.6,1.0,0.0,0.0,0.0,0.0,,0.0,0.0,0.0,titolare,True,False,,False,,,2026-09-09T13:29:56.628602+00:00
4952,2026-27,Monterisi,D,Dc,FROSINONE,6,6,0,13,False,35.81,107.0,201.0,291.0,560.0,30.75,23.08,28.68,9.47,3.6,6.22,5.85,20,26.3,10.0,1.0,1.0,0.0,0.0,0.739,0.105,0.5,0.0,titolare,True,False,,False,,,2026-09-09T13:29:56.628602+00:00
6238,2026-27,Oyono A.,D,Dd;E,FROSINONE,6,5,1,10,False,34.04,114.0,201.0,309.0,560.0,33.53,26.02,39.15,7.37,2.8,5.81,5.88,16,21.1,8.0,0.0,0.5,0.0,0.0,0.117,0.0,2.0,0.0,titolare,True,False,,False,,,2026-09-09T13:29:56.628602+00:00
6660,2026-27,Marcandalli,D,Dc,GENOA,6,6,0,14,False,45.09,76.0,201.0,209.0,560.0,33.58,42.89,13.57,33.82,12.85,5.82,5.87,41,36.0,13.7,0.0,0.3,0.0,0.0,0.225,0.0,2.0,0.0,titolare,True,False,,False,,,2026-09-09T13:29:56.628602+00:00
4177,2026-27,Pavard,D,Dd;Dc,INTER,6,6,0,14,False,58.14,37.0,201.0,113.0,560.0,62.7,54.87,20.54,26.45,10.05,6.12,6.17,45,29.6,11.2,0.0,0.8,0.0,0.0,0.159,0.0,2.5,0.0,panchina,False,False,,False,,,2026-09-09T13:29:56.628602+00:00
5877,2026-27,Carlos Augusto,D,B;Ds;E,INTER,6,7,-1,20,False,71.41,9.0,201.0,23.0,560.0,63.8,83.61,0.0,73.68,28.0,6.44,6.15,126,82.9,31.5,2.5,3.0,0.0,0.0,0.23,0.186,3.0,0.0,titolare,True,False,,False,,,2026-09-09T13:29:56.628602+00:00
4817,2026-27,Pedraza,D,Ds;E,LAZIO,6,5,1,14,False,16.97,161.0,201.0,449.0,560.0,0.0,0.0,28.68,0.0,0.0,6.0,6.0,2,5.3,2.0,0.0,0.0,0.0,0.0,0.0,0.0,0.0,0.0,panchina,False,False,,False,,,2026-09-09T13:29:56.628602+00:00
2188,2026-27,Marusic,D,Dd;Ds;E,LAZIO,6,6,0,20,False,52.76,56.0,201.0,152.0,560.0,22.45,65.98,20.54,87.63,33.3,5.88,5.82,168,73.7,28.0,1.2,0.7,0.0,0.0,0.349,0.137,2.8,0.7,panchina,False,True,"problema muscolare alla coscia destra, ipotesi rientro inizio ottobre",False,,,2026-09-09T13:29:56.628602+00:00
6990,2026-27,Veiga D.,D,Dd;E,LECCE,6,5,1,12,False,37.66,102.0,201.0,270.0,560.0,20.4,38.04,13.57,40.39,15.35,5.71,5.8,49,43.0,16.3,0.0,0.3,0.0,0.0,0.228,0.0,3.3,0.0,titolare,True,False,,False,,,2026-09-09T13:29:56.628602+00:00
4502,2026-27,Gallo,D,Ds;E,LECCE,6,6,0,12,False,54.4,52.0,201.0,138.0,560.0,35.43,71.09,11.24,82.16,31.22,5.83,5.88,134,70.5,26.8,0.0,1.8,0.0,0.0,0.265,0.0,2.2,0.4,titolare,True,False,,False,,,2026-09-09T13:29:56.628602+00:00
4751,2026-27,Tomori,D,Dc,MILAN,6,7,-1,8,False,55.76,45.0,201.0,127.0,560.0,54.8,76.85,0.0,71.42,27.14,6.08,6.06,139,73.2,27.8,1.0,0.4,0.0,0.0,0.33,0.117,4.6,0.6,panchina,False,False,,False,,,2026-09-09T13:29:56.628602+00:00
6202,2026-27,Beukema,D,Dc,NAPOLI,6,6,0,12,False,55.1,49.0,201.0,134.0,560.0,48.98,65.05,0.0,58.42,22.2,6.02,5.96,86,75.4,28.7,1.0,0.3,0.0,0.0,0.319,0.075,2.3,0.3,panchina,False,False,,False,,,2026-09-09T13:29:56.628602+00:00
2724,2026-27,Buongiorno,D,Dc,NAPOLI,6,7,-1,15,False,66.98,18.0,201.0,55.0,560.0,61.75,82.24,0.0,73.74,28.02,6.16,6.11,135,71.1,27.0,1.0,0.8,0.0,0.0,0.308,0.097,4.8,0.0,panchina,False,True,"problema al menisco del ginocchio destro, ipotesi rientro da metà novembre",False,,,2026-09-09T13:29:56.628602+00:00
6485,2026-27,Kristensen T.,D,Dd;Dc,ATALANTA,6,7,-1,20,False,44.08,79.0,201.0,215.0,560.0,21.15,44.57,0.0,53.29,20.25,5.89,5.8,75,65.8,25.0,1.3,0.3,0.0,0.0,0.372,0.083,3.7,0.3,panchina,False,False,,False,,,2026-09-09T13:29:56.628602+00:00
7329,2026-27,Obrador,D,Ds;E,SASSUOLO,6,6,0,13,False,49.29,65.0,201.0,185.0,560.0,51.28,39.84,20.54,14.74,5.6,6.38,6.06,17,22.4,8.5,0.5,1.5,0.0,0.0,0.371,0.059,0.5,0.0,panchina,False,False,,False,,,2026-09-09T13:29:56.628602+00:00
7069,2026-27,Fortini,D,E,TORINO,6,5,1,12,False,41.7,88.0,201.0,234.0,560.0,42.35,32.83,28.68,11.05,4.2,5.96,5.96,14,18.4,7.0,0.0,0.0,0.0,0.0,0.21,0.0,0.0,0.0,titolare,True,False,,False,,,2026-09-09T13:29:56.628602+00:00
7564,2026-27,Leysen F.,D,Ds;Dc,SASSUOLO,6,5,1,12,False,14.38,172.0,201.0,470.0,560.0,0.0,0.0,28.68,0.0,0.0,6.5,6.0,2,5.3,2.0,0.0,1.0,0.0,0.0,0.5,0.0,0.0,0.0,titolare,True,False,,False,,,2026-09-09T13:29:56.628602+00:00
4705,2026-27,Balerdi,D,Dc,ROMA,6,6,0,11,False,9.79,178.0,201.0,509.0,560.0,0.0,0.0,0.0,0.0,0.0,,,0,0.0,0.0,0.0,0.0,0.0,0.0,,,0.0,0.0,panchina,False,False,,False,,,2026-09-09T13:29:56.628602+00:00
4147,2026-27,Caleta-Car,D,Dc,SASSUOLO,6,6,0,15,False,,,,,,,,,,,,,0,0.0,0.0,0.0,0.0,0.0,0.0,,,0.0,0.0,panchina,False,False,,False,,,2026-09-09T13:29:56.628602+00:00
7621,2026-27,Sugawara,D,Dd;E,CAGLIARI,6,6,0,15,False,,,,,,,,,,,,,0,0.0,0.0,0.0,0.0,0.0,0.0,,,0.0,0.0,panchina,False,False,,False,,,2026-09-09T13:29:56.628602+00:00
7532,2026-27,Kofler,D,Dc,CAGLIARI,5,5,0,8,False,8.95,180.0,201.0,515.0,560.0,0.0,0.0,20.54,0.0,0.0,6.0,6.0,1,2.6,1.0,0.0,0.0,0.0,0.0,,0.0,0.0,0.0,panchina,False,False,,False,,,2026-09-09T13:29:56.628602+00:00
7274,2026-27,Zè Pedro,D,Dd;Dc,CAGLIARI,5,5,0,13,False,35.04,111.0,201.0,301.0,560.0,23.93,27.16,13.57,20.26,7.7,5.67,5.77,24,31.6,12.0,0.0,0.5,0.0,0.0,0.239,0.0,3.5,0.0,titolare,True,False,,False,,,2026-09-09T13:29:56.628602+00:00
6893,2026-27,Kempf,D,Dc,COMO,5,5,0,13,False,59.66,34.0,201.0,107.0,560.0,54.85,61.46,37.98,47.11,17.9,6.13,5.99,61,53.5,20.3,1.3,0.3,0.0,0.0,0.371,0.099,2.3,0.3,panchina,False,False,,False,,,2026-09-09T13:29:56.628602+00:00
7294,2026-27,Valdepenas,D,Ds;Dc,FIORENTINA,5,6,-1,16,False,15.93,168.0,201.0,460.0,560.0,0.0,0.0,4.65,0.0,0.0,5.0,5.0,1,2.6,1.0,0.0,0.0,0.0,0.0,,0.0,0.0,0.0,titolare,True,False,,False,,,2026-09-09T13:29:56.628602+00:00
7467,2026-27,Calvani,D,Dc,FROSINONE,5,4,1,13,False,15.72,169.0,201.0,461.0,560.0,0.0,0.0,43.8,0.0,0.0,6.0,6.5,2,5.3,2.0,0.0,0.0,0.0,0.0,0.0,0.0,2.0,0.0,titolare,True,False,,False,,,2026-09-09T13:29:56.628602+00:00
6766,2026-27,Kelly L.,D,Ds;Dc,JUVENTUS,5,5,0,12,False,43.11,82.0,201.0,222.0,560.0,30.98,43.28,13.57,40.13,15.25,5.95,5.92,49,43.0,16.3,0.3,0.3,0.0,0.0,0.295,0.029,1.7,0.0,panchina,False,False,,False,,,2026-09-09T13:29:56.628602+00:00
6632,2026-27,Gaspar K.,D,Dc,LECCE,5,5,0,12,False,49.72,64.0,201.0,184.0,560.0,48.13,48.48,7.75,35.13,13.35,5.88,5.99,47,41.2,15.7,0.0,0.3,0.0,0.0,0.712,0.0,3.3,0.3,titolare,True,False,,False,,,2026-09-09T13:29:56.628602+00:00
5739,2026-27,De Winter,D,Dd;Dc,MILAN,5,3,2,20,False,43.12,81.0,201.0,221.0,560.0,18.75,45.76,48.06,57.26,21.76,5.88,5.83,92,48.4,18.4,0.8,0.4,0.0,0.0,0.332,0.075,3.2,0.2,titolare,True,False,,False,,,2026-09-09T13:29:56.628602+00:00
5840,2026-27,Olivera,D,B;Ds;E,NAPOLI,5,5,0,13,False,51.22,60.0,201.0,167.0,560.0,37.98,59.69,4.65,59.16,22.48,5.97,5.92,99,52.1,19.8,0.6,0.4,0.0,0.0,0.231,0.075,2.4,0.0,panchina,False,False,,False,,,2026-09-09T13:29:56.628602+00:00
6631,2026-27,Ghilardi,D,Dc,ROMA,5,4,1,10,False,42.44,85.0,201.0,228.0,560.0,32.3,40.68,47.29,35.13,13.35,5.76,5.87,46,40.4,15.3,0.0,0.0,0.0,0.0,0.427,0.0,2.7,0.3,panchina,False,False,,False,,,2026-09-09T13:29:56.628602+00:00
5851,2026-27,Doig,D,Ds;E,SASSUOLO,5,4,1,10,False,45.14,74.0,201.0,207.0,560.0,35.08,49.74,28.68,46.24,17.57,5.97,5.9,78,51.3,19.5,0.5,1.5,0.0,0.0,0.306,0.051,3.2,0.0,titolare,True,False,,False,,,2026-09-09T13:29:56.628602+00:00
7253,2026-27,Bella-Kotchap,D,Dc,VENEZIA,5,6,-1,13,False,35.39,109.0,201.0,295.0,560.0,28.85,27.15,2.71,16.58,6.3,5.67,5.75,20,26.3,10.0,0.0,0.0,0.0,0.0,0.382,0.0,1.5,0.0,panchina,False,True,"noie muscolari, da valutare contro la Fiorentina",False,,,2026-09-09T13:29:56.628602+00:00
4845,2026-27,Correia T.,D,Dd;Ds;E,VENEZIA,5,4,1,12,False,15.22,170.0,201.0,463.0,560.0,0.0,0.0,39.15,0.0,0.0,6.25,6.25,2,5.3,2.0,0.0,0.0,0.0,0.0,0.125,0.0,0.0,0.0,panchina,False,False,,False,,,2026-09-09T13:29:56.628602+00:00
5695,2026-27,Haps,D,Ds;E,VENEZIA,5,5,0,10,False,41.73,87.0,201.0,233.0,560.0,37.65,40.26,28.68,27.11,10.3,5.94,5.87,63,41.4,15.8,0.5,0.8,0.0,0.0,0.226,0.057,2.5,0.0,titolare,True,False,,False,,,2026-09-09T13:29:56.628602+00:00
5751,2026-27,Patterson,D,Dd;E,TORINO,5,5,0,12,False,,,,,,,,,,,,,0,0.0,0.0,0.0,0.0,0.0,0.0,,,0.0,0.0,panchina,False,False,,False,,,2026-09-09T13:29:56.628602+00:00
2169,2026-27,Rodriguez R.,D,B;Ds;E,TORINO,5,5,0,12,False,,,,,,,,,,,6.0,6.0,101,88.6,33.7,0.3,0.7,0.0,0.0,0.232,0.026,3.3,0.0,panchina,False,False,,False,,,2026-09-09T13:29:56.628602+00:00
5578,2026-27,Kossounou,D,Dd;Dc,ATALANTA,4,3,1,12,False,46.32,71.0,201.0,202.0,560.0,44.4,43.15,13.57,25.92,9.85,5.99,5.93,35,30.7,11.7,0.3,0.0,0.0,0.0,0.208,0.037,0.7,0.0,titolare,True,False,,False,,,2026-09-09T13:29:56.628602+00:00
7068,2026-27,Vitik,D,Dc,BOLOGNA,4,5,-1,10,False,38.77,97.0,201.0,252.0,560.0,42.9,36.35,0.0,16.58,6.3,5.86,5.94,18,47.4,18.0,0.0,0.0,0.0,0.0,0.232,0.0,3.0,0.0,panchina,False,False,,False,,,2026-09-09T13:29:56.628602+00:00
7268,2026-27,Rodriguez Ju.,D,Ds;Dc,CAGLIARI,4,3,1,14,False,32.41,116.0,201.0,330.0,560.0,16.9,19.24,39.15,14.74,5.6,5.78,5.69,18,23.7,9.0,0.5,0.0,0.0,0.0,0.386,0.056,1.5,0.0,titolare,True,False,,False,,,2026-09-09T13:29:56.628602+00:00
7014,2026-27,Smolcic I.,D,Dd;E,COMO,4,4,0,10,False,41.43,89.0,201.0,236.0,560.0,39.05,41.97,11.24,28.29,10.75,5.81,5.91,34,29.8,11.3,0.0,0.3,0.0,0.0,0.159,0.0,3.0,0.0,panchina,False,False,,False,,,2026-09-09T13:29:56.628602+00:00
5603,2026-27,Pongracic,D,Dc,FIORENTINA,4,4,0,8,False,45.38,72.0,201.0,205.0,560.0,36.13,60.53,4.65,65.21,24.78,5.73,5.89,98,51.6,19.6,0.0,0.0,0.0,0.0,0.291,0.0,4.6,0.4,panchina,False,False,,False,,,2026-09-09T13:29:56.628602+00:00
5449,2026-27,Parisi,D,Ds;E,FIORENTINA,4,5,-1,10,False,53.56,54.0,201.0,146.0,560.0,50.48,67.59,0.0,60.66,23.05,5.98,5.97,120,63.2,24.0,1.0,0.6,0.0,0.0,0.279,0.117,5.6,0.2,panchina,False,True,"infortunio al legamento crociato, rientro da novembre",False,,,2026-09-09T13:29:56.628602+00:00
5757,2026-27,Cittadini,D,Dc,FROSINONE,4,3,1,8,False,30.82,123.0,201.0,349.0,560.0,39.85,25.75,13.57,1.58,0.6,5.8,5.9,5,6.6,2.5,0.0,0.0,0.0,0.0,0.05,0.0,0.5,0.0,panchina,False,False,,False,,,2026-09-09T13:29:56.628602+00:00
7537,2026-27,Mitaj,D,Ds;E,GENOA,4,4,0,10,False,9.43,179.0,201.0,514.0,560.0,0.0,0.0,0.0,0.0,0.0,,,0,0.0,0.0,0.0,0.0,0.0,0.0,,,0.0,0.0,panchina,False,False,,False,,,2026-09-09T13:29:56.628602+00:00
5831,2026-27,Gatti,D,Dc,JUVENTUS,4,4,0,10,False,54.52,51.0,201.0,137.0,560.0,54.73,66.43,0.0,55.05,20.92,6.11,6.01,92,60.5,23.0,1.8,0.0,0.0,0.0,0.352,0.154,4.0,0.0,panchina,False,False,,False,,,2026-09-09T13:29:56.628602+00:00
7012,2026-27,Provstgaard,D,Dc,LAZIO,4,3,1,13,False,55.59,47.0,201.0,129.0,560.0,59.15,49.51,28.68,21.84,8.3,5.87,5.94,26,22.8,8.7,0.0,0.0,0.0,0.0,0.207,0.0,1.3,0.0,titolare,True,False,,False,,,2026-09-09T13:29:56.628602+00:00
7131,2026-27,Floriani Mussolini,D,Dd;E,LAZIO,4,3,1,10,False,31.29,121.0,201.0,344.0,560.0,19.38,24.91,39.15,21.18,8.05,5.74,5.76,25,32.9,12.5,0.0,0.5,0.0,0.0,0.315,0.0,1.5,0.0,titolare,True,False,,False,,,2026-09-09T13:29:56.628602+00:00
7240,2026-27,Siebert,D,Dc,LECCE,4,4,0,12,False,29.54,129.0,201.0,357.0,560.0,18.33,21.5,7.75,17.5,6.65,5.74,5.67,21,27.6,10.5,0.5,0.0,0.0,0.0,0.458,0.048,1.5,0.0,panchina,False,False,,False,,,2026-09-09T13:29:56.628602+00:00
5838,2026-27,Birindelli,D,Dd;Ds;E,MONZA,4,4,0,12,False,50.91,62.0,201.0,170.0,560.0,46.33,52.88,13.57,39.47,15.0,5.95,5.92,84,55.3,21.0,0.8,0.5,0.0,0.0,0.178,0.075,4.2,0.0,titolare,True,False,,False,,,2026-09-09T13:29:56.628602+00:00
5307,2026-27,Valenti,D,Dc,PARMA,4,4,0,10,False,43.33,80.0,201.0,220.0,560.0,40.5,46.22,0.0,38.03,14.45,5.84,5.91,47,61.8,23.5,0.5,0.0,0.0,0.0,0.427,0.03,5.5,0.5,panchina,False,False,,False,,,2026-09-09T13:29:56.628602+00:00
6986,2026-27,Rensch,D,B;Dd;E,ROMA,4,5,-1,14,False,52.89,55.0,201.0,150.0,560.0,57.6,49.66,0.0,22.76,8.65,6.41,6.13,27,35.5,13.5,0.5,2.5,0.0,0.0,0.242,0.043,0.5,0.0,panchina,False,False,,False,,,2026-09-09T13:29:56.628602+00:00
4374,2026-27,Walukiewicz,D,Dd;Dc,SASSUOLO,4,4,0,10,False,37.52,103.0,201.0,272.0,560.0,16.78,51.43,0.0,68.05,25.86,5.69,5.77,104,54.7,20.8,0.0,0.2,0.0,0.0,0.232,0.0,3.8,0.0,panchina,False,True,"trauma contusivo alla gamba destra, da valutare convocazione dalla seconda metà di settembre",False,,,2026-09-09T13:29:56.628602+00:00
7526,2026-27,Comert,D,Dc,TORINO,4,4,0,12,False,13.86,173.0,201.0,472.0,560.0,0.0,0.0,20.54,0.0,0.0,6.0,6.0,1,2.6,1.0,0.0,0.0,0.0,0.0,,0.0,0.0,0.0,titolare,True,False,,False,,,2026-09-09T13:29:56.628602+00:00
4263,2026-27,Kabasele,D,Dc,UDINESE,4,4,0,12,False,42.85,84.0,201.0,225.0,560.0,32.75,42.75,0.0,41.58,15.8,6.12,5.9,54,47.4,18.0,2.0,0.0,0.0,0.0,0.475,0.129,3.3,0.3,titolare,True,False,,False,,,2026-09-09T13:29:56.628602+00:00
5820,2026-27,Bertola,D,Dd;Ds;Dc,UDINESE,4,4,0,10,False,45.02,77.0,201.0,210.0,560.0,47.75,43.74,20.54,23.24,8.83,5.87,5.89,27,23.7,9.0,0.0,0.3,0.0,0.0,0.256,0.0,1.0,0.0,panchina,False,False,,False,,,2026-09-09T13:29:56.628602+00:00
5527,2026-27,Zanoli,D,Dd;E,UDINESE,4,4,0,10,False,51.78,58.0,201.0,160.0,560.0,50.0,62.99,0.0,52.32,19.88,6.06,5.94,90,47.4,18.0,0.8,1.2,0.0,0.0,0.21,0.099,2.4,0.0,panchina,False,True,"lesione del legamento crociato anteriore del ginocchio destro, rientro da inizio ottobre",False,,,2026-09-09T13:29:56.628602+00:00
7312,2026-27,Arizala,D,Ds;E,UDINESE,4,4,0,8,False,28.45,132.0,201.0,370.0,560.0,34.6,25.16,0.0,4.61,1.75,5.8,5.8,5,13.2,5.0,0.0,0.0,0.0,0.0,0.075,0.0,0.0,0.0,panchina,False,True,"lesione muscolare al bicipite femorale, rientro dalla prima metà di ottobre",False,,,2026-09-09T13:29:56.628602+00:00
6890,2026-27,Moreno M.,D,Dc,VENEZIA,4,5,-1,6,False,24.34,144.0,201.0,399.0,560.0,33.18,21.18,0.0,1.97,0.75,5.67,5.67,3,7.9,3.0,0.0,0.0,0.0,0.0,0.333,0.0,0.0,0.0,titolare,True,False,,False,,,2026-09-09T13:29:56.628602+00:00
6821,2026-27,Hainaut,D,Dd;E,VENEZIA,4,3,1,12,False,36.08,105.0,201.0,288.0,560.0,31.0,27.88,13.57,15.13,5.75,6.02,5.84,25,32.9,12.5,1.0,0.0,0.0,0.0,0.39,0.08,1.5,0.0,titolare,True,False,,False,,,2026-09-09T13:29:56.628602+00:00
4375,2026-27,Terzic,D,Ds;E,FROSINONE,4,4,0,8,False,35.55,108.0,201.0,293.0,560.0,44.93,32.31,13.57,6.84,2.6,6.13,6.0,26,22.8,8.7,0.3,0.7,0.0,0.0,0.08,0.045,1.0,0.0,panchina,False,False,,False,,,2026-09-09T13:29:56.628602+00:00
7563,2026-27,Favasuli,D,Dd;Ds;E,NAPOLI,4,4,0,11,False,10.02,176.0,201.0,506.0,560.0,0.0,0.0,0.0,0.0,0.0,,,0,0.0,0.0,0.0,0.0,0.0,0.0,,,0.0,0.0,panchina,False,False,,False,,,2026-09-09T13:29:56.628602+00:00
256,2026-27,Juan Jesus,D,Ds;Dc,VENEZIA,4,4,0,10,False,,,,,,,,,,,5.83,5.86,85,44.7,17.0,0.6,0.2,0.0,0.0,0.342,0.079,4.0,0.2,panchina,False,False,,False,,,2026-09-09T13:29:56.628602+00:00
6047,2026-27,Ehizibue,D,Dd;E,GENOA,4,4,0,10,False,,,,,,,,,,,5.88,5.84,98,64.5,24.5,1.0,0.5,0.0,0.0,0.2,0.097,5.0,0.0,titolare,True,False,,False,,,2026-09-09T13:29:56.628602+00:00
5498,2026-27,Casale,D,Dc,BOLOGNA,3,3,0,5,False,27.82,135.0,201.0,375.0,560.0,15.05,36.64,0.0,45.39,17.25,5.75,5.81,107,56.3,21.4,0.2,0.6,0.0,0.0,0.271,0.026,4.2,0.0,panchina,False,False,,False,,,2026-09-09T13:29:56.628602+00:00
7326,2026-27,Helland,D,Dd;Dc,BOLOGNA,3,2,1,12,False,29.82,128.0,201.0,356.0,560.0,23.18,17.72,28.68,5.53,2.1,5.5,5.62,8,10.5,4.0,0.0,0.0,0.0,0.0,0.196,0.0,1.0,0.0,panchina,False,False,,False,,,2026-09-09T13:29:56.628602+00:00
7125,2026-27,Idrissi R.,D,Ds;E,CAGLIARI,3,3,0,3,False,25.05,138.0,201.0,390.0,560.0,28.15,26.99,0.0,15.66,5.95,6.09,5.82,17,44.7,17.0,2.0,0.0,0.0,0.0,0.279,0.11,3.0,0.0,panchina,False,True,"rottura del legamento crociato, rientro da fine ottobre",False,,,2026-09-09T13:29:56.628602+00:00
4378,2026-27,Ranieri L.,D,Ds;Dc,FIORENTINA,3,3,0,10,False,51.72,59.0,201.0,161.0,560.0,41.25,69.96,4.65,73.61,27.97,5.84,5.86,128,56.1,21.3,0.8,0.5,0.0,0.0,0.279,0.117,6.3,0.2,panchina,False,False,,False,,,2026-09-09T13:29:56.628602+00:00
7175,2026-27,Joao Mario,D,Dd;E,FIORENTINA,3,3,0,12,False,32.16,117.0,201.0,335.0,560.0,26.23,23.74,4.65,12.89,4.9,5.93,5.73,15,19.7,7.5,0.5,0.5,0.0,0.0,0.352,0.071,1.0,0.0,titolare,True,False,,False,,,2026-09-09T13:29:56.628602+00:00
7540,2026-27,Akpoguma,D,Dc,FROSINONE,3,3,0,6,False,5.58,189.0,201.0,531.0,560.0,0.0,0.0,0.0,0.0,0.0,,,0,0.0,0.0,0.0,0.0,0.0,0.0,,,0.0,0.0,panchina,False,False,,False,,,2026-09-09T13:29:56.628602+00:00
5273,2026-27,Estupinan,D,Ds;E,MILAN,3,3,0,13,False,30.91,122.0,201.0,347.0,560.0,19.73,19.74,20.54,12.89,4.9,5.73,5.67,15,19.7,7.5,0.5,0.5,0.0,0.0,0.381,0.071,2.0,0.5,titolare,True,False,,False,,,2026-09-09T13:29:56.628602+00:00
6659,2026-27,Lucchesi,D,Dc,MONZA,3,4,-1,11,False,10.33,175.0,201.0,505.0,560.0,0.0,0.0,3.88,0.0,0.0,4.75,5.25,2,5.3,2.0,0.0,0.0,0.0,0.0,0.125,0.0,2.0,0.0,titolare,True,False,,False,,,2026-09-09T13:29:56.628602+00:00
7238,2026-27,Kouadio,D,Dd;Dc,MONZA,3,3,0,14,False,37.84,101.0,201.0,268.0,560.0,40.28,26.31,13.57,1.84,0.7,5.75,5.88,4,5.3,2.0,0.0,0.0,0.0,0.0,0.062,0.0,0.5,0.0,titolare,True,False,,False,,,2026-09-09T13:29:56.628602+00:00
4925,2026-27,Carboni A.,D,Ds;Dc,MONZA,3,3,0,9,False,28.1,134.0,201.0,374.0,560.0,14.63,30.0,7.75,35.0,13.3,5.65,5.69,80,42.1,16.0,0.2,0.4,0.0,0.0,0.243,0.026,2.4,0.0,titolare,True,False,,False,,,2026-09-09T13:29:56.628602+00:00
7235,2026-27,Troilo,D,Dc,PARMA,3,3,0,14,False,35.04,112.0,201.0,302.0,560.0,23.88,25.61,7.75,19.34,7.35,5.67,5.76,23,30.3,11.5,0.5,0.0,0.0,0.0,0.656,0.043,3.0,1.0,titolare,True,False,,False,,,2026-09-09T13:29:56.628602+00:00
7255,2026-27,Britschgi,D,Dd;Ds;E,PARMA,3,3,0,10,False,31.88,119.0,201.0,340.0,560.0,20.8,28.27,20.54,25.79,9.8,5.71,5.76,29,38.2,14.5,0.0,1.0,0.0,0.0,0.315,0.0,2.5,0.5,titolare,True,False,,False,,,2026-09-09T13:29:56.628602+00:00
6985,2026-27,Candè,D,Ds;Dc,SASSUOLO,3,3,0,7,False,24.98,139.0,201.0,391.0,560.0,21.43,24.73,0.0,18.55,7.05,5.74,5.74,25,32.9,12.5,0.5,0.0,0.0,0.0,0.336,0.04,3.0,0.0,panchina,False,True,"rottura legamento crociato anteriore ginocchio destro, tentativo rientro da metà settembre",False,,,2026-09-09T13:29:56.628602+00:00
6925,2026-27,Palma,D,Dc,UDINESE,3,2,1,11,False,28.66,131.0,201.0,367.0,560.0,25.25,17.61,37.98,3.68,1.4,5.7,5.7,5,6.6,2.5,0.0,0.0,0.0,0.0,0.7,0.0,0.0,0.0,panchina,False,True,"problema muscolare adduttore coscia destra, rientro da metà settembre",False,,,2026-09-09T13:29:56.628602+00:00
5994,2026-27,Ebosse,D,Ds;Dc,UDINESE,3,2,1,5,False,23.01,147.0,201.0,409.0,560.0,16.25,22.28,13.57,20.47,7.78,5.62,5.69,34,22.4,8.5,0.0,0.2,0.0,0.0,0.227,0.0,1.8,0.0,titolare,True,False,,False,,,2026-09-09T13:29:56.628602+00:00
7538,2026-27,Halhal,D,Dc,VENEZIA,3,4,-1,10,False,9.8,177.0,201.0,508.0,560.0,0.0,0.0,4.65,0.0,0.0,3.0,5.0,1,2.6,1.0,0.0,0.0,0.0,0.0,,0.0,0.0,0.0,titolare,True,False,,False,,,2026-09-09T13:29:56.628602+00:00
6892,2026-27,Schingtienne,D,Dc,VENEZIA,3,3,0,10,False,27.59,136.0,201.0,378.0,560.0,24.25,21.12,7.75,9.87,3.75,5.59,5.68,17,22.4,8.5,0.0,0.0,0.0,0.0,0.342,0.0,1.5,0.0,titolare,True,False,,False,,,2026-09-09T13:29:56.628602+00:00
6673,2026-27,Sverko,D,Ds;Dc,VENEZIA,3,3,0,7,False,24.52,142.0,201.0,395.0,560.0,26.75,22.13,0.0,9.21,3.5,5.86,5.75,14,36.8,14.0,1.0,0.0,0.0,0.0,0.26,0.071,3.0,0.0,panchina,False,True,"problema all'anca, rientro fine ottobre",False,,,2026-09-09T13:29:56.628602+00:00
7478,2026-27,Franjic,D,B;Ds;E,VENEZIA,3,2,1,7,False,7.31,186.0,201.0,523.0,560.0,0.0,0.0,13.57,0.0,0.0,5.75,5.75,2,5.3,2.0,0.0,0.0,0.0,0.0,0.125,0.0,0.0,0.0,panchina,False,True,"problema alla spalla, out contro Fiorentina",False,,,2026-09-09T13:29:56.628602+00:00
7154,2026-27,Odenthal,D,Dc,SASSUOLO,3,1,2,8,False,11.36,174.0,201.0,502.0,560.0,0.0,0.0,47.29,0.0,0.0,10.0,7.0,1,2.6,1.0,1.0,0.0,0.0,0.0,,0.0,0.0,0.0,panchina,False,False,,False,,,2026-09-09T13:29:56.628602+00:00
7605,2026-27,Tchato,D,Dd;E,FROSINONE,3,3,0,8,False,7.57,182.0,201.0,518.0,560.0,0.0,0.0,0.0,0.0,0.0,,,0,0.0,0.0,0.0,0.0,0.0,0.0,,,0.0,0.0,panchina,False,False,,False,,,2026-09-09T13:29:56.628602+00:00
6601,2026-27,Kambwala,D,Dd;Dc,COMO,3,3,0,8,False,7.57,183.0,201.0,519.0,560.0,0.0,0.0,0.0,0.0,0.0,,,0,0.0,0.0,0.0,0.0,0.0,0.0,,,0.0,0.0,panchina,False,False,,False,,,2026-09-09T13:29:56.628602+00:00
5742,2026-27,Drameh,D,Dd;Ds;E,GENOA,3,3,0,10,False,,,,,,,,,,,,,0,0.0,0.0,0.0,0.0,0.0,0.0,,,0.0,0.0,panchina,False,False,,False,,,2026-09-09T13:29:56.628602+00:00
7483,2026-27,Alhassane,D,Ds;E,BOLOGNA,2,2,0,6,False,7.37,185.0,201.0,521.0,560.0,0.0,0.0,20.54,0.0,0.0,6.0,6.0,1,2.6,1.0,0.0,0.0,0.0,0.0,,0.0,0.0,0.0,panchina,False,False,,False,,,2026-09-09T13:29:56.628602+00:00
6896,2026-27,Van Der Brempt,D,Dd;E,SASSUOLO,2,2,0,11,False,38.4,98.0,201.0,258.0,560.0,45.48,43.24,0.0,24.74,9.4,5.94,5.95,32,42.1,16.0,0.0,1.0,0.0,0.0,0.232,0.0,2.5,0.0,panchina,False,False,,False,,,2026-09-09T13:29:56.628602+00:00
6977,2026-27,Otoa,D,Dc,GENOA,2,2,0,5,False,18.7,156.0,201.0,436.0,560.0,15.4,15.91,3.49,11.18,4.25,5.14,5.43,14,12.3,4.7,0.0,0.0,0.0,0.0,0.456,0.0,0.7,0.3,panchina,False,False,,False,,,2026-09-09T13:29:56.628602+00:00
7413,2026-27,Puczka,D,Ds;E,GENOA,2,2,0,3,False,3.74,192.0,201.0,538.0,560.0,0.0,0.0,0.0,0.0,0.0,,,0,0.0,0.0,0.0,0.0,0.0,0.0,,,0.0,0.0,panchina,False,False,,False,,,2026-09-09T13:29:56.628602+00:00
791,2026-27,Sabelli,D,Dd;Ds;E,GENOA,2,2,0,5,False,35.09,110.0,201.0,300.0,560.0,26.33,47.7,0.0,49.5,18.81,5.81,5.86,81,53.3,20.2,0.0,0.8,0.0,0.0,0.15,0.0,2.5,0.0,panchina,False,False,,False,,,2026-09-09T13:29:56.628602+00:00
2263,2026-27,Lazzari,D,Dd;E,LAZIO,2,2,0,5,False,40.65,92.0,201.0,242.0,560.0,34.35,56.79,0.0,56.66,21.53,5.93,5.91,116,61.1,23.2,0.6,1.2,0.0,0.0,0.245,0.075,4.0,0.2,panchina,False,False,,False,,,2026-09-09T13:29:56.628602+00:00
2728,2026-27,Pellegrini Lu.,D,Ds;E,LAZIO,2,2,0,7,False,46.85,68.0,201.0,198.0,560.0,49.05,59.45,0.0,48.08,18.27,5.91,5.96,80,42.1,16.0,0.4,0.8,0.0,0.0,0.235,0.054,5.2,0.2,,False,False,,False,,,2026-09-09T13:29:56.628602+00:00
6883,2026-27,Jean,D,Dc,LECCE,2,2,0,4,False,24.76,140.0,201.0,393.0,560.0,25.3,26.27,0.0,16.45,6.25,5.74,5.76,23,30.3,11.5,0.0,0.0,0.0,0.0,0.179,0.0,0.5,0.0,panchina,False,False,,False,,,2026-09-09T13:29:56.628602+00:00
7182,2026-27,Ndaba,D,Ds;E,LECCE,2,1,1,5,False,19.69,153.0,201.0,429.0,560.0,18.4,16.57,7.75,8.29,3.15,5.5,5.5,11,14.5,5.5,0.0,0.0,0.0,0.0,0.3,0.0,0.0,0.0,panchina,False,False,,False,,,2026-09-09T13:29:56.628602+00:00
7525,2026-27,Diawara S.,D,Ds;Dc,MILAN,2,2,0,4,False,4.53,191.0,201.0,534.0,560.0,0.0,0.0,0.0,0.0,0.0,,,0,0.0,0.0,0.0,0.0,0.0,0.0,,,0.0,0.0,panchina,False,False,,False,,,2026-09-09T13:29:56.628602+00:00
7476,2026-27,Bakoune,D,Dd;E,MONZA,2,1,1,4,False,6.18,187.0,201.0,528.0,560.0,0.0,0.0,20.54,0.0,0.0,6.0,6.0,1,2.6,1.0,0.0,0.0,0.0,0.0,,0.0,0.0,0.0,panchina,False,False,,False,,,2026-09-09T13:29:56.628602+00:00
6638,2026-27,Marin R.,D,Dc,NAPOLI,2,2,0,8,False,30.7,124.0,201.0,351.0,560.0,40.7,26.78,3.88,1.97,0.75,5.6,5.7,5,6.6,2.5,0.0,0.0,0.0,0.0,0.2,0.0,0.5,0.0,titolare,True,False,,False,,,2026-09-09T13:29:56.628602+00:00
7202,2026-27,Ndiaye,D,Dc,PARMA,2,1,1,8,False,24.41,143.0,201.0,397.0,560.0,20.08,17.88,20.54,10.13,3.85,5.42,5.62,12,15.8,6.0,0.0,0.0,0.0,0.0,0.506,0.0,1.5,0.5,panchina,False,False,,False,,,2026-09-09T13:29:56.628602+00:00
252,2026-27,Biraghi,D,B;Ds;E,TORINO,2,2,0,5,False,33.87,115.0,201.0,311.0,560.0,21.9,47.15,0.0,56.58,21.5,6.11,5.93,129,67.9,25.8,1.8,2.0,0.0,0.0,0.358,0.154,2.6,0.2,panchina,False,False,,False,,,2026-09-09T13:29:56.628602+00:00
6021,2026-27,Abankwah,D,Dd;Dc,UDINESE,2,1,1,10,False,36.63,104.0,201.0,281.0,560.0,43.45,27.58,39.15,1.63,0.62,6.1,6.3,5,4.4,1.7,0.0,0.0,0.0,0.0,0.075,0.0,0.7,0.0,titolare,True,False,,False,,,2026-09-09T13:29:56.628602+00:00
6681,2026-27,Sagrado,D,Dd;E,VENEZIA,2,2,0,4,False,21.85,151.0,201.0,419.0,560.0,30.2,20.18,0.0,1.97,0.75,5.33,5.5,3,7.9,3.0,0.0,0.0,0.0,0.0,0.25,0.0,1.0,0.0,panchina,False,False,,False,,,2026-09-09T13:29:56.628602+00:00
7548,2026-27,Aurelio,D,Ds;E,CAGLIARI,2,2,0,5,False,5.43,190.0,201.0,532.0,560.0,0.0,0.0,0.0,0.0,0.0,,,0,0.0,0.0,0.0,0.0,0.0,0.0,,,0.0,0.0,panchina,False,False,,False,,,2026-09-09T13:29:56.628602+00:00
6537,2026-27,Goglichidze,D,Dd;Dc,MONZA,2,2,0,5,False,,,,,,,,,,,5.69,5.76,39,51.3,19.5,0.0,0.5,0.0,0.0,0.485,0.0,2.5,0.5,panchina,False,False,,False,,,2026-09-09T13:29:56.628602+00:00
7573,2026-27,Cinquegrano,D,Dd;E,SASSUOLO,2,1,1,4,False,5.62,188.0,201.0,530.0,560.0,0.0,0.0,13.57,0.0,0.0,5.75,5.75,2,5.3,2.0,0.0,0.0,0.0,0.0,0.125,0.0,0.0,0.0,titolare,True,False,,False,,,2026-09-09T13:29:56.628602+00:00
5812,2026-27,Terracciano F.,D,B;Dd;Ds,MILAN,2,2,0,4,False,34.44,113.0,201.0,306.0,560.0,27.0,46.77,0.0,50.95,19.36,5.87,5.89,74,48.7,18.5,0.5,0.5,0.0,0.0,0.331,0.053,2.8,0.0,panchina,False,False,,False,,,2026-09-09T13:29:56.628602+00:00
7599,2026-27,Lulli,D,E,ROMA,2,1,1,10,False,7.39,184.0,201.0,520.0,560.0,0.0,0.0,43.8,0.0,0.0,6.5,6.5,2,5.3,2.0,0.0,0.0,0.0,0.0,0.0,0.0,0.0,0.0,titolare,True,False,,False,,,2026-09-09T13:29:56.628602+00:00
7615,2026-27,Drobnic,D,Dc,PARMA,2,1,1,1,False,3.39,193.0,201.0,541.0,560.0,0.0,0.0,11.24,0.0,0.0,5.5,5.5,1,2.6,1.0,0.0,0.0,0.0,0.0,,0.0,0.0,0.0,panchina,False,False,,False,,,2026-09-09T13:29:56.628602+00:00
487,2026-27,De Silvestri,D,Dd;E,BOLOGNA,1,1,0,4,False,45.34,73.0,201.0,206.0,560.0,54.43,56.61,0.0,36.68,13.94,6.16,5.98,82,43.2,16.4,1.4,0.4,0.0,0.0,0.29,0.146,2.2,0.0,panchina,False,False,,False,,,2026-09-09T13:29:56.628602+00:00
418,2026-27,Goldaniga,D,Dc,COMO,1,1,0,1,False,22.31,148.0,201.0,414.0,560.0,17.75,28.54,0.0,28.89,10.98,5.64,5.75,54,47.4,18.0,0.3,0.0,0.0,0.0,0.29,0.032,5.3,0.3,panchina,False,False,,False,,,2026-09-09T13:29:56.628602+00:00
5424,2026-27,Amey,D,Dc,FROSINONE,1,1,0,1,False,23.56,146.0,201.0,406.0,560.0,39.43,24.53,0.0,0.21,0.08,6.5,6.5,1,2.6,1.0,0.0,0.0,0.0,0.0,,0.0,0.0,0.0,panchina,False,False,,False,,,2026-09-09T13:29:56.628602+00:00
294,2026-27,Rugani,D,Dc,JUVENTUS,1,1,0,3,False,29.93,127.0,201.0,354.0,560.0,35.58,32.88,0.0,19.47,7.4,6.04,5.96,41,27.0,10.2,0.5,0.0,0.0,0.0,0.23,0.071,1.5,0.0,panchina,False,False,,False,,,2026-09-09T13:29:56.628602+00:00
6039,2026-27,Cabal,D,B;Ds;E,JUVENTUS,1,1,0,4,False,41.06,91.0,201.0,239.0,560.0,52.55,47.25,0.0,25.08,9.53,5.94,5.93,43,28.3,10.8,0.5,0.0,0.0,0.0,0.233,0.062,2.8,0.0,panchina,False,True,"lesione di basso grado del muscolo semimembranoso della coscia sinistra, rientro dalla seconda metà di settembre",False,,,2026-09-09T13:29:56.628602+00:00
327,2026-27,Patric,D,Dd;Dc,LAZIO,1,1,0,1,False,30.68,125.0,201.0,352.0,560.0,31.05,40.36,0.0,34.26,13.02,5.97,5.92,75,39.5,15.0,0.8,0.2,0.0,0.0,0.338,0.077,2.6,0.2,,False,False,,False,,,2026-09-09T13:29:56.628602+00:00
5399,2026-27,Antov,D,Dc,MONZA,1,1,0,2,False,19.04,154.0,201.0,432.0,560.0,28.08,18.14,0.0,1.89,0.72,5.25,5.42,6,15.8,6.0,0.0,0.0,0.0,0.0,0.642,0.0,2.0,0.0,panchina,False,False,,False,,,2026-09-09T13:29:56.628602+00:00
6809,2026-27,Marianucci,D,Dc,NAPOLI,1,1,0,3,False,23.66,145.0,201.0,405.0,560.0,23.5,25.81,0.0,18.68,7.1,5.73,5.77,24,31.6,12.0,0.0,0.5,0.0,0.0,0.26,0.0,1.0,0.5,panchina,False,True,"lesione di alto grado del collaterale mediale del ginocchio sinistro, ipotesi rientro da ottobre",False,,,2026-09-09T13:29:56.628602+00:00
5481,2026-27,Mazzocchi,D,Dd;Ds;E,VENEZIA,1,1,0,10,False,32.13,118.0,201.0,336.0,560.0,27.08,42.77,0.0,43.29,16.45,5.94,5.88,103,54.2,20.6,0.4,1.6,0.0,0.0,0.305,0.053,2.4,0.4,panchina,False,False,,False,,,2026-09-09T13:29:56.628602+00:00
6149,2026-27,Carboni F.,D,Ds;E,PARMA,1,1,0,3,False,29.17,130.0,201.0,362.0,560.0,43.08,30.66,0.0,5.76,2.19,5.89,6.0,9,7.9,3.0,0.0,0.0,0.0,0.0,0.125,0.0,0.7,0.0,panchina,False,False,,False,,,2026-09-09T13:29:56.628602+00:00
7260,2026-27,Ziolkowski,D,Dc,MONZA,1,1,0,8,False,28.31,133.0,201.0,372.0,560.0,41.28,30.37,0.0,8.29,3.15,5.78,5.94,9,23.7,9.0,0.0,0.0,0.0,0.0,0.278,0.0,3.0,0.0,panchina,False,False,,False,,,2026-09-09T13:29:56.628602+00:00
7156,2026-27,Pieragnolo,D,Ds;E,SASSUOLO,1,1,0,1,False,2.49,200.0,201.0,551.0,560.0,0.0,0.0,0.0,0.0,0.0,,,0,0.0,0.0,0.0,0.0,0.0,0.0,,,0.0,0.0,panchina,False,True,"lesione legamento crociato anteriore gamba destra, ipotesi rientro da ottobre",False,,,2026-09-09T13:29:56.628602+00:00
7454,2026-27,Gomes,D,Ds;Dc,VENEZIA,1,1,0,1,False,2.49,196.0,201.0,547.0,560.0,0.0,0.0,0.0,0.0,0.0,,,0,0.0,0.0,0.0,0.0,0.0,0.0,,,0.0,0.0,panchina,False,False,,False,,,2026-09-09T13:29:56.628602+00:00
7553,2026-27,Omar Fayed,D,Dc,FROSINONE,1,1,0,1,False,2.49,197.0,201.0,548.0,560.0,0.0,0.0,0.0,0.0,0.0,,,0,0.0,0.0,0.0,0.0,0.0,0.0,,,0.0,0.0,panchina,False,False,,False,,,2026-09-09T13:29:56.628602+00:00
7604,2026-27,Maye,D,Ds;Dc,MONZA,1,1,0,1,False,2.49,199.0,201.0,550.0,560.0,0.0,0.0,0.0,0.0,0.0,,,0,0.0,0.0,0.0,0.0,0.0,0.0,,,0.0,0.0,panchina,False,False,,False,,,2026-09-09T13:29:56.628602+00:00
6826,2026-27,Dembelè A.,D,Dd;E,LECCE,1,1,0,2,False,,,,,,,,,,,5.8,5.6,10,13.2,5.0,0.5,0.0,0.0,0.0,0.711,0.1,0.0,0.5,panchina,False,False,,False,,,2026-09-09T13:29:56.628602+00:00
6875,2026-27,Paz N.,C,T;A,COMO,29,30,-1,245,False,70.42,13.0,191.0,30.0,560.0,63.97,72.13,15.31,54.61,20.75,7.21,6.36,71,62.3,23.7,6.0,4.0,0.0,0.0,0.487,0.25,3.7,0.0,titolare,True,False,,False,,1.0,2026-09-09T13:29:56.628602+00:00
2194,2026-27,Calhanoglu,C,M;C,INTER,28,27,1,243,False,77.2,2.0,191.0,5.0,560.0,65.0,83.74,48.98,72.89,27.7,7.29,6.41,150,65.8,25.0,6.5,5.0,0.0,0.0,0.445,0.252,5.3,0.0,titolare,True,False,,False,1.0,1.0,2026-09-09T13:29:56.628602+00:00
4777,2026-27,McTominay,C,C;T,NAPOLI,27,28,-1,220,False,70.37,14.0,191.0,31.0,560.0,64.66,71.45,15.31,52.76,20.05,7.46,6.46,69,60.5,23.0,7.3,1.7,0.0,0.0,0.41,0.245,1.3,0.0,panchina,False,True,"lieve aritmia benigna, tentativo rientro da metà ottobre",False,,,2026-09-09T13:29:56.628602+00:00
2167,2026-27,Orsolini,C,W;A,BOLOGNA,25,26,-1,177,False,74.93,3.0,191.0,12.0,560.0,62.63,87.48,15.31,82.29,31.27,7.21,6.18,154,67.5,25.7,8.7,2.0,0.0,0.0,0.532,0.199,2.3,0.3,panchina,False,True,"risentimento ai flessori della coscia sinistra, rientro da fine settembre",False,1.0,1.0,2026-09-09T13:29:56.628602+00:00
2423,2026-27,Pulisic,C,T;A,MILAN,24,25,-1,150,False,71.1,12.0,191.0,27.0,560.0,62.97,78.03,0.0,66.18,25.15,7.44,6.3,97,85.1,32.3,10.3,6.3,0.0,0.0,0.691,0.256,1.0,0.0,panchina,False,False,,False,2.0,2.0,2026-09-09T13:29:56.628602+00:00
2379,2026-27,Rabiot,C,C;T,MILAN,23,22,1,145,False,72.18,7.0,191.0,20.0,560.0,60.71,72.17,46.26,59.24,22.51,6.6,6.12,123,64.7,24.6,4.0,2.6,0.0,0.0,0.451,0.245,5.2,0.2,titolare,True,False,,False,,,2026-09-09T13:29:56.628602+00:00
7126,2026-27,Baturina,C,T,COMO,20,19,1,105,False,62.05,32.0,191.0,93.0,560.0,58.29,49.39,41.16,23.03,8.75,7.2,6.31,27,35.5,13.5,3.5,1.5,0.0,0.0,0.599,0.199,0.0,0.0,titolare,True,False,,False,,2.0,2026-09-09T13:29:56.628602+00:00
7556,2026-27,Mora,C,T,ROMA,20,19,1,100,False,22.89,148.0,191.0,410.0,560.0,0.0,0.0,46.26,0.0,0.0,8.25,6.75,2,5.3,2.0,1.0,0.0,0.0,0.0,0.125,0.5,0.0,0.0,panchina,False,False,,False,,,2026-09-09T13:29:56.628602+00:00
5559,2026-27,Da Cunha,C,C;T,COMO,18,18,0,87,False,71.54,8.0,191.0,22.0,560.0,62.61,71.68,35.71,55.26,21.0,6.62,6.22,72,63.2,24.0,3.0,2.0,0.0,0.0,0.309,0.171,2.7,0.0,titolare,True,False,,False,1.0,,2026-09-09T13:29:56.628602+00:00
1870,2026-27,Barella,C,C,INTER,18,17,1,81,False,78.94,1.0,191.0,2.0,560.0,64.32,94.26,41.16,91.13,34.63,6.73,6.34,177,77.6,29.5,2.8,6.0,0.0,0.0,0.32,0.25,5.5,0.0,titolare,True,False,,False,,,2026-09-09T13:29:56.628602+00:00
2766,2026-27,Zaniolo,C,T;A,UDINESE,18,18,0,80,False,65.54,23.0,191.0,61.0,560.0,53.16,62.53,39.8,50.18,19.07,6.31,6.07,90,47.4,18.0,2.0,1.4,0.0,0.0,0.374,0.203,5.2,0.6,panchina,False,True,"lesione muscolare al bicipite femorale della coscia destra, rientro dalla fine di settembre",False,3.0,1.0,2026-09-09T13:29:56.628602+00:00
4973,2026-27,McKennie,C,C;T,JUVENTUS,17,17,0,70,False,67.24,22.0,191.0,54.0,560.0,49.47,77.43,22.11,77.82,29.57,6.38,6.06,133,58.3,22.2,1.8,2.8,0.0,0.0,0.307,0.186,2.5,0.0,panchina,False,False,,False,,,2026-09-09T13:29:56.628602+00:00
2517,2026-27,De Bruyne,C,T,NAPOLI,17,15,2,108,False,59.08,42.0,191.0,111.0,560.0,55.18,43.5,48.98,15.66,5.95,7.42,6.34,19,25.0,9.5,3.0,1.5,0.0,0.0,0.474,0.221,0.5,0.0,panchina,False,False,,False,1.0,1.0,2026-09-09T13:29:56.628602+00:00
632,2026-27,Zaccagni,C,W;A,LAZIO,16,16,0,87,False,73.98,4.0,191.0,15.0,560.0,60.13,83.47,27.89,78.42,29.8,6.88,6.26,155,68.0,25.8,5.5,2.8,0.0,0.0,0.446,0.25,6.7,0.2,titolare,True,False,,False,1.0,2.0,2026-09-09T13:29:56.628602+00:00
6908,2026-27,Atta,C,C;T,FIORENTINA,15,17,-2,78,False,65.16,24.0,191.0,62.0,560.0,59.74,63.82,2.72,44.61,16.95,6.39,6.15,57,50.0,19.0,1.7,1.0,0.0,0.0,0.437,0.099,2.7,0.0,titolare,True,False,,False,,2.0,2026-09-09T13:29:56.628602+00:00
5119,2026-27,Samardzic,C,C;T,ATALANTA,13,12,1,44,False,64.59,25.0,191.0,68.0,560.0,47.95,69.42,41.16,67.97,25.83,6.54,6.09,129,56.6,21.5,3.0,1.5,0.0,0.0,0.364,0.231,1.3,0.0,titolare,True,False,,False,3.0,2.0,2026-09-09T13:29:56.628602+00:00
6884,2026-27,Conceicao,C,W;A,JUVENTUS,13,12,1,68,False,68.09,18.0,191.0,46.0,560.0,60.63,64.34,41.16,44.08,16.75,6.62,6.22,57,50.0,19.0,2.0,3.0,0.0,0.0,0.223,0.15,2.0,0.3,titolare,True,False,,False,,,2026-09-09T13:29:56.628602+00:00
7314,2026-27,Taylor K.,C,C;T,LAZIO,13,13,0,53,False,49.73,69.0,191.0,183.0,560.0,43.32,34.45,27.89,15.66,5.95,6.5,6.05,19,25.0,9.5,1.5,1.0,0.0,0.0,0.525,0.099,2.5,0.0,titolare,True,False,,False,,,2026-09-09T13:29:56.628602+00:00
5687,2026-27,Vlasic,C,T,TORINO,13,14,-1,73,False,67.75,19.0,191.0,48.0,560.0,51.47,80.1,4.08,81.92,31.13,6.6,6.07,136,71.6,27.2,4.2,2.8,0.0,0.0,0.371,0.254,2.2,0.0,titolare,True,False,,False,1.0,1.0,2026-09-09T13:29:56.628602+00:00
5792,2026-27,Ederson D.S.,C,M;C,ATALANTA,12,12,0,46,False,73.16,5.0,191.0,18.0,560.0,60.89,87.97,15.31,84.16,31.98,6.37,6.12,153,67.1,25.5,2.5,1.0,0.0,0.0,0.339,0.239,3.8,0.2,titolare,True,False,,False,,,2026-09-09T13:29:56.628602+00:00
5800,2026-27,Gudmundsson A.,C,T;A,LAZIO,12,13,-1,40,False,61.93,34.0,191.0,96.0,560.0,50.45,68.73,3.74,64.03,24.33,6.88,6.1,100,52.6,20.0,5.2,1.6,0.0,0.0,0.545,0.256,2.8,0.2,panchina,False,False,,False,3.0,3.0,2026-09-09T13:29:56.628602+00:00
152,2026-27,Zielinski,C,C,INTER,12,10,2,45,False,71.12,11.0,191.0,26.0,560.0,56.45,79.04,46.26,73.84,28.06,6.65,6.15,150,65.8,25.0,3.5,3.0,0.0,0.0,0.344,0.256,1.3,0.0,panchina,False,False,,False,2.0,3.0,2026-09-09T13:29:56.628602+00:00
2606,2026-27,Modric,C,M;C,MILAN,12,12,0,45,False,64.12,27.0,191.0,72.0,560.0,63.63,57.39,27.89,30.39,11.55,6.63,6.43,35,46.1,17.5,1.0,1.5,0.0,0.0,0.193,0.059,2.0,0.0,titolare,True,False,,False,3.0,1.0,2026-09-09T13:29:56.628602+00:00
6684,2026-27,Ekkelenkamp,C,C;T,UDINESE,12,10,2,57,False,58.81,43.0,191.0,112.0,560.0,41.21,54.79,48.98,50.26,19.1,6.52,6.04,66,57.9,22.0,3.0,2.0,0.0,0.0,0.364,0.174,1.0,0.0,titolare,True,False,,False,,2.0,2026-09-09T13:29:56.628602+00:00
5172,2026-27,Jones C.,C,C,INTER,12,12,0,47,False,19.5,158.0,191.0,430.0,560.0,0.0,0.0,22.11,0.0,0.0,6.0,6.0,1,2.6,1.0,0.0,0.0,0.0,0.0,,0.0,0.0,0.0,titolare,True,False,,False,,,2026-09-09T13:29:56.628602+00:00
4179,2026-27,Gonzalez N.,C,W;A,JUVENTUS,12,11,1,45,False,64.41,26.0,191.0,69.0,560.0,55.55,60.47,48.3,44.29,16.83,7.06,6.22,108,56.8,21.6,5.8,2.0,0.0,0.0,0.497,0.257,1.8,0.2,titolare,True,False,,False,3.0,,2026-09-09T13:29:56.628602+00:00
1850,2026-27,Kessiè,C,C,ATALANTA,12,12,0,47,False,44.06,77.0,191.0,216.0,560.0,43.68,30.53,0.0,6.32,2.4,6.67,6.1,30,78.9,30.0,6.0,0.0,0.0,0.0,0.438,0.144,2.0,0.0,titolare,True,False,,False,,,2026-09-09T13:29:56.628602+00:00
7625,2026-27,Goncalves P.,C,W;T,FIORENTINA,12,12,0,50,False,,,,,,,,,,,,,0,0.0,0.0,0.0,0.0,0.0,0.0,,,0.0,0.0,panchina,False,False,,False,3.0,3.0,2026-09-09T13:29:56.628602+00:00
7129,2026-27,Rodriguez Je.,C,W;A,COMO,11,12,-1,31,False,56.32,49.0,191.0,124.0,560.0,57.13,50.63,11.22,25.79,9.8,6.62,6.22,29,38.2,14.5,1.0,4.0,0.0,0.0,0.385,0.069,1.5,0.5,panchina,False,False,,False,,,2026-09-09T13:29:56.628602+00:00
5823,2026-27,Baldanzi,C,T,GENOA,11,11,0,28,False,60.61,38.0,191.0,103.0,560.0,53.0,63.37,15.31,50.53,19.2,6.34,6.09,91,39.9,15.2,1.3,0.5,0.0,0.0,0.231,0.158,1.5,0.0,titolare,True,False,,False,,1.0,2026-09-09T13:29:56.628602+00:00
7436,2026-27,Alajbegovic,C,W;T,JUVENTUS,11,12,-1,42,False,18.95,160.0,191.0,434.0,560.0,0.0,0.0,11.22,0.0,0.0,5.5,5.5,1,2.6,1.0,0.0,0.0,0.0,0.0,,0.0,0.0,0.0,panchina,False,False,,False,,,2026-09-09T13:29:56.628602+00:00
4892,2026-27,Saelemaekers,C,E;W,MILAN,11,10,1,35,False,71.38,9.0,191.0,24.0,560.0,58.63,83.08,41.16,78.82,29.95,6.47,6.1,152,66.7,25.3,2.8,2.5,0.0,0.0,0.411,0.25,3.0,0.2,panchina,False,False,,False,,3.0,2026-09-09T13:29:56.628602+00:00
7078,2026-27,Mastantuono,C,W;T,FIORENTINA,11,12,-1,50,False,18.48,161.0,191.0,439.0,560.0,0.0,0.0,4.08,0.0,0.0,5.25,5.25,2,5.3,2.0,0.0,0.0,0.0,0.0,0.125,0.0,0.0,0.0,titolare,True,False,,False,,1.0,2026-09-09T13:29:56.628602+00:00
6372,2026-27,Moreira,C,E;W,MILAN,11,12,-1,45,False,18.05,164.0,191.0,443.0,560.0,0.0,0.0,0.0,0.0,0.0,,,0,0.0,0.0,0.0,0.0,0.0,0.0,,,0.0,0.0,titolare,True,False,,False,,,2026-09-09T13:29:56.628602+00:00
184,2026-27,Bernardeschi,C,W;T,BOLOGNA,10,9,1,27,False,50.52,64.0,191.0,174.0,560.0,40.39,40.97,41.16,27.58,10.48,6.3,5.99,52,45.6,17.3,1.7,1.7,0.0,0.0,0.309,0.126,2.7,0.0,titolare,True,False,,False,2.0,2.0,2026-09-09T13:29:56.628602+00:00
6844,2026-27,Rowe,C,W;T,ATALANTA,10,11,-1,40,False,57.2,45.0,191.0,119.0,560.0,55.63,50.0,11.22,25.79,9.8,6.55,6.17,29,38.2,14.5,1.5,1.5,0.0,0.0,0.291,0.096,1.0,0.0,titolare,True,False,,False,,,2026-09-09T13:29:56.628602+00:00
6151,2026-27,Perrone,C,M;C,COMO,10,10,0,34,False,62.9,31.0,191.0,83.0,560.0,54.63,63.24,27.89,49.61,18.85,6.25,6.1,63,55.3,21.0,1.0,2.3,0.0,0.0,0.3,0.077,4.7,0.0,panchina,False,False,,False,,,2026-09-09T13:29:56.628602+00:00
2848,2026-27,Frattesi,C,C;T,LAZIO,10,7,3,75,False,67.59,20.0,191.0,51.0,560.0,50.84,68.61,50.0,61.71,23.45,6.67,6.15,139,61.0,23.2,4.0,1.2,0.0,0.0,0.376,0.256,1.8,0.0,titolare,True,False,,False,,,2026-09-09T13:29:56.628602+00:00
4220,2026-27,Zambo Anguissa,C,C,NAPOLI,10,11,-1,41,False,70.31,15.0,191.0,32.0,560.0,61.26,81.17,4.08,73.18,27.81,6.47,6.17,147,64.5,24.5,2.2,2.2,0.0,0.0,0.376,0.211,2.7,0.0,titolare,True,False,,False,,,2026-09-09T13:29:56.628602+00:00
7223,2026-27,Vergara,C,W;T,NAPOLI,10,8,2,35,False,50.8,62.0,191.0,171.0,560.0,50.16,35.58,48.3,7.37,2.8,7.06,6.39,9,11.8,4.5,1.0,0.5,0.0,0.0,0.361,0.194,1.0,0.0,titolare,True,False,,False,,,2026-09-09T13:29:56.628602+00:00
5589,2026-27,Konè M.,C,M;C,ROMA,10,10,0,42,False,68.48,17.0,191.0,43.0,560.0,62.47,67.79,41.16,48.42,18.4,6.45,6.27,64,56.1,21.3,1.3,1.3,0.0,0.0,0.285,0.099,3.0,0.0,titolare,True,False,,False,,,2026-09-09T13:29:56.628602+00:00
5844,2026-27,Thorstvedt,C,C;T,SASSUOLO,10,10,0,39,False,61.77,35.0,191.0,97.0,560.0,49.61,63.13,27.89,54.34,20.65,6.36,6.03,92,60.5,23.0,3.0,1.2,0.0,0.0,0.299,0.199,5.0,0.0,titolare,True,False,,False,,,2026-09-09T13:29:56.628602+00:00
6274,2026-27,Diouf,C,E;C,INTER,9,8,1,43,False,50.18,65.0,191.0,176.0,560.0,47.11,34.37,45.58,9.21,3.5,6.68,6.23,11,14.5,5.5,0.5,1.0,0.0,0.0,0.418,0.091,0.0,0.0,titolare,True,False,,False,,,2026-09-09T13:29:56.628602+00:00
7070,2026-27,Sucic P.,C,C,INTER,9,8,1,21,False,52.04,57.0,191.0,159.0,560.0,47.97,45.58,41.16,25.79,9.8,6.28,6.1,30,39.5,15.0,1.0,1.0,0.0,0.0,0.3,0.069,2.5,0.0,panchina,False,False,,False,,,2026-09-09T13:29:56.628602+00:00
827,2026-27,Locatelli,C,M;C,JUVENTUS,9,8,1,33,False,72.88,6.0,191.0,19.0,560.0,58.13,90.51,41.16,90.5,34.39,6.21,6.12,168,73.7,28.0,1.2,2.2,0.0,0.0,0.273,0.154,6.5,0.0,panchina,False,True,"rottura del menisco esterno del ginocchio, ipotesi di rientro in campo da gennaio",False,,2.0,2026-09-09T13:29:56.628602+00:00
5562,2026-27,Thuram K.,C,C,JUVENTUS,9,10,-1,25,False,63.78,28.0,191.0,76.0,560.0,59.39,68.66,0.0,53.03,20.15,6.57,6.2,67,88.2,33.5,3.5,3.5,0.0,0.0,0.326,0.14,3.5,0.0,panchina,False,True,"sindrome femoro-rotulea, ipotesi rientro da gennaio",False,,,2026-09-09T13:29:56.628602+00:00
5500,2026-27,Cancellieri,C,W;A,LAZIO,9,9,0,25,False,42.72,79.0,191.0,227.0,560.0,16.26,46.69,15.31,63.08,23.97,6.21,5.91,100,43.9,16.7,2.0,0.5,0.0,0.0,0.366,0.215,2.8,0.2,panchina,False,False,,False,,,2026-09-09T13:29:56.628602+00:00
6398,2026-27,Isaksen,C,W;A,LAZIO,9,9,0,22,False,59.17,41.0,191.0,110.0,560.0,47.61,65.21,27.89,61.32,23.3,6.45,6.05,89,58.6,22.2,3.0,0.8,0.0,0.0,0.37,0.215,1.8,0.0,titolare,True,False,,False,,,2026-09-09T13:29:56.628602+00:00
5878,2026-27,Colpani,C,T,MONZA,9,8,1,15,False,46.9,74.0,191.0,197.0,560.0,39.37,49.81,15.31,43.37,16.48,6.61,6.06,88,57.9,22.0,3.8,1.2,0.0,0.0,0.336,0.211,0.8,0.0,titolare,True,False,,False,,,2026-09-09T13:29:56.628602+00:00
536,2026-27,Politano,C,W,NAPOLI,9,10,-1,37,False,70.11,16.0,191.0,33.0,560.0,57.47,88.17,6.46,88.0,33.44,6.57,6.13,163,71.5,27.2,3.2,3.7,0.0,0.0,0.312,0.239,2.3,0.2,titolare,True,False,,False,3.0,2.0,2026-09-09T13:29:56.628602+00:00
779,2026-27,Cristante,C,M;C,ROMA,9,8,1,29,False,71.31,10.0,191.0,25.0,560.0,56.32,89.25,41.16,90.5,34.39,6.21,6.07,174,76.3,29.0,2.0,1.5,0.0,0.0,0.292,0.186,6.3,0.2,titolare,True,False,,False,,,2026-09-09T13:29:56.628602+00:00
5735,2026-27,Volpato,C,W;T,SASSUOLO,9,7,2,25,False,57.19,46.0,191.0,120.0,560.0,53.74,50.87,46.26,30.39,11.55,6.49,6.06,47,24.7,9.4,1.2,1.0,0.0,0.0,0.409,0.161,1.2,0.0,panchina,False,True,"lesione di grado moderato al flessore della gamba destra, rientro da inizio ottobre",False,,,2026-09-09T13:29:56.628602+00:00
5888,2026-27,Casadei,C,C;T,TORINO,9,10,-1,27,False,47.97,73.0,191.0,194.0,560.0,35.18,44.24,5.44,39.34,14.95,6.36,5.97,48,42.1,16.0,2.3,0.3,0.0,0.0,0.366,0.165,2.0,0.0,panchina,False,True,"affaticamento muscolare, da valutare contro la Roma",False,,,2026-09-09T13:29:56.628602+00:00
530,2026-27,Pellegrini Lo.,C,C;T,ROMA,9,10,-1,20,False,50.14,66.0,191.0,177.0,560.0,30.16,59.45,0.0,69.61,26.45,6.62,6.03,137,72.1,27.4,5.4,2.8,0.0,0.0,0.457,0.254,4.8,0.2,panchina,False,False,,False,,3.0,2026-09-09T13:29:56.628602+00:00
2077,2026-27,Pasalic,C,C;T,ATALANTA,8,9,-1,22,False,57.57,44.0,191.0,115.0,560.0,39.5,72.49,6.46,84.68,32.18,6.66,6.05,164,71.9,27.3,5.0,3.0,0.0,0.0,0.456,0.25,2.2,0.0,panchina,False,False,,False,,,2026-09-09T13:29:56.628602+00:00
2765,2026-27,Odgaard,C,T,BOLOGNA,8,8,0,17,False,52.78,54.0,191.0,151.0,560.0,48.82,55.95,15.31,43.42,16.5,6.74,6.06,61,40.1,15.2,3.2,1.0,0.0,0.0,0.392,0.222,0.8,0.0,titolare,True,False,,False,,,2026-09-09T13:29:56.628602+00:00
4436,2026-27,Cambiaghi,C,W;A,BOLOGNA,8,8,0,25,False,62.01,33.0,191.0,94.0,560.0,54.08,69.24,27.89,60.66,23.05,6.46,6.12,105,55.3,21.0,2.2,1.8,0.0,0.0,0.355,0.211,2.0,0.4,titolare,True,False,,False,,,2026-09-09T13:29:56.628602+00:00
1933,2026-27,Mandragora,C,C,TORINO,8,9,-1,23,False,63.08,30.0,191.0,82.0,560.0,52.34,78.71,4.08,77.5,29.45,6.39,6.05,139,61.0,23.2,2.7,2.5,0.0,0.0,0.291,0.239,5.0,0.2,titolare,True,False,,False,3.0,2.0,2026-09-09T13:29:56.628602+00:00
7472,2026-27,Calò,C,M;C,FROSINONE,8,7,1,27,False,17.85,165.0,191.0,445.0,560.0,0.0,0.0,35.71,0.0,0.0,6.75,6.25,2,5.3,2.0,0.0,1.0,0.0,0.0,1.125,0.0,0.0,0.0,titolare,True,False,,False,1.0,1.0,2026-09-09T13:29:56.628602+00:00
4856,2026-27,Chukwueze,C,E;W,MILAN,8,6,2,22,False,34.31,106.0,191.0,308.0,560.0,15.66,22.24,46.26,21.97,8.35,6.5,6.08,39,25.7,9.8,1.0,1.2,0.0,0.0,0.389,0.131,0.2,0.0,panchina,False,False,,False,,,2026-09-09T13:29:56.628602+00:00
4287,2026-27,Lobotka,C,M;C,NAPOLI,8,7,1,23,False,67.37,21.0,191.0,52.0,560.0,53.55,84.91,35.71,85.37,32.44,6.14,6.11,161,70.6,26.8,0.5,0.5,0.0,0.0,0.223,0.075,2.3,0.0,titolare,True,False,,False,,,2026-09-09T13:29:56.628602+00:00
6717,2026-27,Konè I.,C,C,SASSUOLO,8,9,-1,20,False,54.31,50.0,191.0,139.0,560.0,56.47,53.66,0.0,32.24,12.25,6.63,6.19,35,92.1,35.0,6.0,0.0,0.0,0.0,0.428,0.146,3.0,1.0,panchina,False,True,"rottura di tibia e perone gamba sinistra, rientro da dicembre",False,,,2026-09-09T13:29:56.628602+00:00
7551,2026-27,Schmid,C,W;T,FROSINONE,8,8,0,25,False,16.45,168.0,191.0,456.0,560.0,0.0,0.0,15.31,0.0,0.0,5.5,5.75,2,5.3,2.0,0.0,0.0,0.0,0.0,1.125,0.0,1.0,0.0,titolare,True,False,,False,2.0,2.0,2026-09-09T13:29:56.628602+00:00
7618,2026-27,Hutchinson,C,W;A,MILAN,8,8,0,25,False,,,,,,,,,,,,,0,0.0,0.0,0.0,0.0,0.0,0.0,,,0.0,0.0,panchina,False,False,,False,,,2026-09-09T13:29:56.628602+00:00
6833,2026-27,Mbangula,C,W;A,BOLOGNA,8,8,0,28,False,,,,,,,,,,,7.13,6.33,15,39.5,15.0,3.0,3.0,0.0,0.0,0.56,0.171,0.0,0.0,panchina,False,False,,False,,,2026-09-09T13:29:56.628602+00:00
4364,2026-27,Gaetano,C,M;C,ATALANTA,7,7,0,30,False,61.27,36.0,191.0,100.0,560.0,51.42,66.38,15.31,57.66,21.91,6.48,6.06,83,36.4,13.8,1.7,1.5,0.0,0.0,0.295,0.199,1.0,0.2,,False,False,,False,,3.0,2026-09-09T13:29:56.628602+00:00
5422,2026-27,Zalewski,C,W,ATALANTA,7,6,1,18,False,52.19,56.0,191.0,158.0,560.0,32.13,59.49,35.71,65.47,24.88,6.13,5.97,119,52.2,19.8,0.8,1.7,0.0,0.0,0.254,0.12,1.8,0.2,panchina,False,False,,False,,,2026-09-09T13:29:56.628602+00:00
5858,2026-27,Ferguson,C,M;C,BOLOGNA,7,7,0,23,False,60.87,37.0,191.0,102.0,560.0,51.76,65.9,27.89,56.5,21.47,6.55,6.16,101,53.2,20.2,3.0,0.8,0.0,0.0,0.296,0.231,3.4,0.2,titolare,True,False,,False,,,2026-09-09T13:29:56.628602+00:00
4870,2026-27,Adopo,C,M;C,CAGLIARI,7,6,1,13,False,35.17,105.0,191.0,298.0,560.0,11.84,44.02,27.89,60.74,23.08,5.91,5.85,82,43.2,16.4,0.4,0.8,0.0,0.0,0.202,0.051,1.6,0.2,titolare,True,False,,False,,,2026-09-09T13:29:56.628602+00:00
7311,2026-27,Romano,C,M;C,CAGLIARI,7,5,2,21,False,16.61,167.0,191.0,454.0,560.0,0.0,0.0,41.16,0.0,0.0,8.0,6.5,2,5.3,2.0,1.0,0.0,0.0,0.0,0.5,0.5,0.0,0.0,titolare,True,False,,False,,3.0,2026-09-09T13:29:56.628602+00:00
4465,2026-27,Fagioli,C,M;C,FIORENTINA,7,8,-1,20,False,53.73,51.0,191.0,144.0,560.0,41.95,58.81,6.46,57.66,21.91,6.25,6.02,90,47.4,18.0,1.2,2.0,0.0,0.0,0.401,0.14,2.8,0.0,titolare,True,False,,False,,,2026-09-09T13:29:56.628602+00:00
6294,2026-27,Ndour,C,C,FIORENTINA,7,8,-1,22,False,32.67,116.0,191.0,326.0,560.0,12.21,26.71,3.06,32.24,12.25,5.94,5.74,39,34.2,13.0,1.0,0.0,0.0,0.0,0.327,0.09,1.0,0.0,titolare,True,False,,False,,,2026-09-09T13:29:56.628602+00:00
5791,2026-27,Frendrup,C,M;C,GENOA,7,7,0,19,False,59.73,40.0,191.0,106.0,560.0,43.76,74.03,27.89,77.76,29.55,6.11,6.04,120,63.2,24.0,1.0,0.8,0.0,0.0,0.229,0.097,3.4,0.0,titolare,True,False,,False,,,2026-09-09T13:29:56.628602+00:00
5685,2026-27,Koopmeiners,C,C;T,JUVENTUS,7,5,2,15,False,56.51,48.0,191.0,122.0,560.0,42.55,73.5,45.58,79.34,30.15,6.75,6.16,153,67.1,25.5,5.0,2.5,0.0,0.0,0.511,0.256,4.0,0.0,titolare,True,False,,False,,,2026-09-09T13:29:56.628602+00:00
4459,2026-27,Rovella,C,M;C,LAZIO,7,6,1,16,False,46.64,75.0,191.0,199.0,560.0,30.11,51.53,35.71,55.0,20.9,6.04,6.07,112,49.1,18.7,0.2,1.8,0.0,0.0,0.27,0.026,5.2,0.3,panchina,False,True,"problema muscolare al polpaccio, rientro prima metà di ottobre",False,,1.0,2026-09-09T13:29:56.628602+00:00
5504,2026-27,Coulibaly L.,C,M;C,LECCE,7,6,1,17,False,48.14,72.0,191.0,193.0,560.0,22.47,65.6,27.89,86.53,32.88,6.01,5.93,165,72.4,27.5,1.2,0.8,0.0,0.0,0.315,0.137,4.3,0.0,titolare,True,False,,False,,,2026-09-09T13:29:56.628602+00:00
6593,2026-27,Akinsanmiro,C,C,MONZA,7,6,1,11,False,32.2,117.0,191.0,333.0,560.0,22.84,26.5,39.8,21.71,8.25,5.88,5.84,25,21.9,8.3,0.0,0.7,0.0,0.0,0.265,0.0,0.7,0.0,titolare,True,False,,False,,,2026-09-09T13:29:56.628602+00:00
6666,2026-27,Bernabè,C,C,PARMA,7,7,0,34,False,63.1,29.0,191.0,81.0,560.0,60.29,62.87,15.31,41.97,15.95,6.45,6.2,53,46.5,17.7,1.3,0.7,0.0,0.0,0.263,0.102,0.3,0.0,panchina,False,True,"problema fisico, da valutare per Como",False,3.0,1.0,2026-09-09T13:29:56.628602+00:00
6190,2026-27,Pisilli,C,C,ROMA,7,5,2,19,False,51.12,61.0,191.0,168.0,560.0,45.08,48.79,41.16,36.05,13.7,6.36,6.05,48,42.1,16.0,1.7,1.7,0.0,0.0,0.386,0.123,3.3,0.0,panchina,False,False,,False,,,2026-09-09T13:29:56.628602+00:00
6680,2026-27,Karlstrom,C,M;C,UDINESE,7,6,1,20,False,43.79,78.0,191.0,217.0,560.0,19.05,46.08,41.16,57.5,21.85,5.89,5.92,75,65.8,25.0,0.3,0.7,0.0,0.0,0.277,0.026,5.0,0.0,titolare,True,False,,False,,,2026-09-09T13:29:56.628602+00:00
6783,2026-27,Unai Gomez,C,T,UDINESE,7,7,0,16,False,12.54,171.0,191.0,499.0,560.0,0.0,0.0,11.22,0.0,0.0,5.5,5.5,1,2.6,1.0,0.0,0.0,0.0,0.0,,0.0,0.0,0.0,titolare,True,False,,False,,3.0,2026-09-09T13:29:56.628602+00:00
5946,2026-27,Sow,C,M;C,GENOA,7,7,0,15,False,11.92,172.0,191.0,500.0,560.0,0.0,0.0,15.31,0.0,0.0,5.75,5.75,2,5.3,2.0,0.0,0.0,0.0,0.0,0.125,0.0,0.0,0.0,titolare,True,False,,False,,,2026-09-09T13:29:56.628602+00:00
4479,2026-27,Elmas,C,W;T,ATALANTA,7,7,0,22,False,50.61,63.0,191.0,173.0,560.0,32.89,53.3,11.22,56.55,21.49,6.48,6.03,117,51.3,19.5,2.7,1.7,0.0,0.0,0.301,0.222,2.0,0.0,panchina,False,False,,False,,,2026-09-09T13:29:56.628602+00:00
7619,2026-27,Monteiro J.,C,W;A,LECCE,7,7,0,23,False,,,,,,,,,,,,,0,0.0,0.0,0.0,0.0,0.0,0.0,,,0.0,0.0,titolare,True,False,,False,,,2026-09-09T13:29:56.628602+00:00
5680,2026-27,Sarr P.,C,M;C,JUVENTUS,7,7,0,25,False,,,,,,,,,,,,,0,0.0,0.0,0.0,0.0,0.0,0.0,,,0.0,0.0,panchina,False,False,,False,,,2026-09-09T13:29:56.628602+00:00
795,2026-27,El Shaarawy,C,W,GENOA,7,7,0,25,False,,,,,,,,,,,6.58,6.13,118,62.1,23.6,3.4,1.6,0.0,0.0,0.292,0.239,2.2,0.0,panchina,False,False,,False,,,2026-09-09T13:29:56.628602+00:00
5298,2026-27,Pobega,C,M;C,BOLOGNA,6,6,0,12,False,40.36,85.0,191.0,247.0,560.0,26.53,44.54,22.11,48.97,18.61,6.29,6.04,96,42.1,16.0,1.8,0.7,0.0,0.0,0.398,0.178,3.5,0.5,titolare,True,False,,False,,,2026-09-09T13:29:56.628602+00:00
4260,2026-27,Winks,C,M;C,CAGLIARI,6,6,0,15,False,28.57,132.0,191.0,369.0,560.0,26.34,20.0,6.46,6.32,2.4,5.7,5.75,22,28.9,11.0,0.0,0.0,0.0,0.0,0.327,0.0,1.0,0.0,titolare,True,False,,False,,,2026-09-09T13:29:56.628602+00:00
6010,2026-27,Fazzini,C,C;T,CAGLIARI,6,7,-1,23,False,53.61,52.0,191.0,145.0,560.0,46.11,54.95,6.46,42.11,16.0,6.16,6.03,74,38.9,14.8,1.0,0.4,0.0,0.0,0.269,0.12,2.6,0.2,titolare,True,False,,False,,1.0,2026-09-09T13:29:56.628602+00:00
7412,2026-27,Milla,C,M;C,COMO,6,5,1,30,False,17.11,166.0,191.0,448.0,560.0,0.0,0.0,46.26,0.0,0.0,6.75,6.75,2,5.3,2.0,0.0,0.0,0.0,0.0,0.125,0.0,0.0,0.0,titolare,True,False,,False,,3.0,2026-09-09T13:29:56.628602+00:00
5036,2026-27,Caqueret,C,C;T,COMO,6,6,0,17,False,56.63,47.0,191.0,121.0,560.0,58.26,58.18,22.11,36.97,14.05,6.55,6.2,46,40.4,15.3,1.3,2.7,0.0,0.0,0.294,0.11,2.3,0.0,panchina,False,False,,False,,,2026-09-09T13:29:56.628602+00:00
6678,2026-27,Liberali,C,T,COMO,6,6,0,21,False,36.12,102.0,191.0,287.0,560.0,37.18,23.13,22.11,0.66,0.25,6.0,6.0,2,2.6,1.0,0.0,0.0,0.0,0.0,0.0,0.0,0.0,0.0,panchina,False,False,,False,,,2026-09-09T13:29:56.628602+00:00
7464,2026-27,Oulai,C,M;C,FIORENTINA,6,6,0,18,False,13.93,170.0,191.0,471.0,560.0,0.0,0.0,6.46,0.0,0.0,5.5,5.5,2,5.3,2.0,0.0,0.0,0.0,0.0,0.5,0.0,0.0,0.0,panchina,False,False,,False,,,2026-09-09T13:29:56.628602+00:00
5998,2026-27,Zerbin,C,W,FROSINONE,6,5,1,12,False,33.22,112.0,191.0,319.0,560.0,12.66,36.73,35.71,48.24,18.33,5.88,5.84,69,36.3,13.8,0.2,0.8,0.0,0.0,0.254,0.03,1.4,0.2,panchina,False,False,,False,,,2026-09-09T13:29:56.628602+00:00
6020,2026-27,Ellertsson,C,E;C,GENOA,6,6,0,16,False,38.71,87.0,191.0,253.0,560.0,16.58,45.47,6.46,56.84,21.6,6.03,5.91,77,50.7,19.2,0.8,0.8,0.0,0.0,0.202,0.075,1.0,0.2,titolare,True,False,,False,,,2026-09-09T13:29:56.628602+00:00
5761,2026-27,Zhegrova,C,W,JUVENTUS,6,6,0,17,False,37.57,95.0,191.0,271.0,560.0,32.74,26.63,22.11,11.05,4.2,5.96,5.96,13,17.1,6.5,0.0,0.0,0.0,0.0,0.228,0.0,0.0,0.0,panchina,False,False,,False,,,2026-09-09T13:29:56.628602+00:00
6549,2026-27,Pierotti,C,W,LECCE,6,6,0,19,False,38.18,91.0,191.0,264.0,560.0,13.0,44.47,15.31,60.79,23.1,5.99,5.83,81,53.3,20.2,1.2,0.8,0.0,0.0,0.307,0.097,2.0,0.2,titolare,True,False,,False,,1.0,2026-09-09T13:29:56.628602+00:00
2741,2026-27,Pessina,C,M;C,MONZA,6,7,-1,15,False,51.42,59.0,191.0,164.0,560.0,50.5,57.06,0.0,42.82,16.27,6.39,6.06,107,70.4,26.8,3.0,1.5,0.0,0.0,0.322,0.199,2.8,0.2,panchina,False,True,"lussazione della rotula del ginocchio destro, tentativo rientro da inizio novembre",False,,3.0,2026-09-09T13:29:56.628602+00:00
4349,2026-27,Nicolussi Caviglia,C,M;C,PARMA,6,6,0,16,False,42.08,81.0,191.0,231.0,560.0,28.39,47.98,0.0,50.84,19.32,6.24,6.01,75,49.3,18.8,1.2,2.0,0.0,0.0,0.317,0.12,2.5,0.2,panchina,False,True,"lesione di medio grado alla coscia destra, rientro da novembre",False,,2.0,2026-09-09T13:29:56.628602+00:00
2528,2026-27,Matic,C,M;C,SASSUOLO,6,5,1,15,False,48.79,71.0,191.0,188.0,560.0,39.87,50.49,35.71,42.05,15.98,6.14,6.06,70,61.4,23.3,1.0,1.0,0.0,0.0,0.224,0.075,4.0,0.3,titolare,True,False,,False,,,2026-09-09T13:29:56.628602+00:00
6677,2026-27,Adzic,C,C;T,SASSUOLO,6,5,1,16,False,36.39,99.0,191.0,284.0,560.0,39.58,24.92,27.89,4.34,1.65,6.64,6.07,7,6.1,2.3,0.3,0.3,0.0,0.0,0.619,0.143,0.0,0.0,titolare,True,False,,False,,3.0,2026-09-09T13:29:56.628602+00:00
7036,2026-27,Bakola,C,C;T,SASSUOLO,6,5,1,14,False,36.21,101.0,191.0,286.0,560.0,42.29,27.97,27.89,2.76,1.05,6.1,6.1,5,6.6,2.5,0.0,0.0,0.0,0.0,0.175,0.0,0.0,0.0,panchina,False,True,"noie fisiche, da valutare contro la Juventus",False,,,2026-09-09T13:29:56.628602+00:00
7060,2026-27,Cacciamani,C,E;W,TORINO,6,5,1,24,False,36.3,100.0,191.0,285.0,560.0,37.18,23.13,27.89,0.66,0.25,6.33,6.0,3,3.9,1.5,0.0,0.5,0.0,0.0,0.25,0.0,0.0,0.0,titolare,True,False,,False,,,2026-09-09T13:29:56.628602+00:00
6218,2026-27,Oristanio,C,W;T,TORINO,6,7,-1,12,False,37.98,93.0,191.0,267.0,560.0,24.74,47.5,0.0,53.55,20.35,6.25,6.01,79,69.3,26.3,2.0,1.3,0.0,0.0,0.279,0.14,1.7,0.0,panchina,False,False,,False,,,2026-09-09T13:29:56.628602+00:00
7198,2026-27,Piotrowski,C,M;C,UDINESE,6,5,1,15,False,35.19,104.0,191.0,297.0,560.0,21.08,29.84,35.71,27.63,10.5,6.05,5.91,32,42.1,16.0,1.0,0.0,0.0,0.0,0.201,0.064,1.5,0.0,panchina,False,True,"lieve aritmia cardiaca benigna, ipotesi rientro da fine ottobre",False,,,2026-09-09T13:29:56.628602+00:00
5674,2026-27,Basic,C,M;C,VENEZIA,6,6,0,19,False,37.34,96.0,191.0,275.0,560.0,20.63,35.15,15.31,37.18,14.13,6.01,5.89,73,38.4,14.6,0.6,1.0,0.0,0.0,0.259,0.054,1.8,0.2,titolare,True,False,,False,,,2026-09-09T13:29:56.628602+00:00
7146,2026-27,Tourè I.,C,E;M,MONZA,6,6,0,14,False,27.02,137.0,191.0,382.0,560.0,13.82,24.79,0.0,27.63,10.5,5.82,5.82,30,78.9,30.0,1.0,0.0,0.0,0.0,0.388,0.033,4.0,1.0,panchina,False,False,,False,,,2026-09-09T13:29:56.628602+00:00
7624,2026-27,Braganca,C,C,TORINO,6,6,0,20,False,,,,,,,,,,,,,0,0.0,0.0,0.0,0.0,0.0,0.0,,,0.0,0.0,panchina,False,False,,False,,,2026-09-09T13:29:56.628602+00:00
7528,2026-27,Amondarain,C,M;C,BOLOGNA,5,5,0,10,False,9.5,176.0,191.0,513.0,560.0,0.0,0.0,11.22,0.0,0.0,5.5,5.5,1,2.6,1.0,0.0,0.0,0.0,0.0,,0.0,0.0,0.0,panchina,False,False,,False,,,2026-09-09T13:29:56.628602+00:00
6640,2026-27,Felici,C,W,CAGLIARI,5,5,0,7,False,31.43,121.0,191.0,343.0,560.0,30.03,31.08,22.11,21.97,8.35,6.18,5.92,30,26.3,10.0,0.7,1.3,0.0,0.0,0.364,0.069,1.3,0.0,panchina,False,True,"rottura del legamento crociato anteriore, ipotesi rientro da marzo",False,,,2026-09-09T13:29:56.628602+00:00
7409,2026-27,Meichtry,C,W;T,GENOA,5,5,0,11,False,7.34,177.0,191.0,522.0,560.0,0.0,0.0,6.46,0.0,0.0,5.5,5.5,2,5.3,2.0,0.0,0.0,0.0,0.0,0.0,0.0,0.0,0.0,panchina,False,False,,False,,,2026-09-09T13:29:56.628602+00:00
5301,2026-27,Luis Henrique,C,E;W,INTER,5,4,1,12,False,32.88,114.0,191.0,322.0,560.0,23.61,29.45,27.89,24.87,9.45,6.05,5.9,29,38.2,14.5,0.5,1.0,0.0,0.0,0.221,0.034,0.5,0.0,panchina,False,False,,False,,,2026-09-09T13:29:56.628602+00:00
6629,2026-27,Dele-Bashiru,C,C;T,LAZIO,5,5,0,13,False,29.05,129.0,191.0,363.0,560.0,15.05,27.58,11.22,30.53,11.6,6.18,5.85,39,34.2,13.0,1.3,0.3,0.0,0.0,0.318,0.131,0.0,0.0,panchina,False,True,"problema muscolare alla gamba, rientro da metà settembre",False,,,2026-09-09T13:29:56.628602+00:00
7203,2026-27,Jashari,C,M;C,MILAN,5,4,1,13,False,26.75,138.0,191.0,383.0,560.0,18.26,17.58,35.71,11.05,4.2,5.86,5.79,14,18.4,7.0,0.0,0.5,0.0,0.0,0.258,0.0,0.0,0.0,panchina,False,False,,False,,,2026-09-09T13:29:56.628602+00:00
6898,2026-27,Keita M.,C,M;C,PARMA,5,5,0,15,False,36.46,98.0,191.0,283.0,560.0,17.5,40.84,6.46,51.58,19.6,5.87,5.88,66,57.9,22.0,0.3,0.7,0.0,0.0,0.331,0.027,1.7,0.3,titolare,True,False,,False,,,2026-09-09T13:29:56.628602+00:00
7535,2026-27,Fitz-Jim,C,M;C,TORINO,5,4,1,18,False,14.73,169.0,191.0,466.0,560.0,0.0,0.0,27.89,0.0,0.0,6.0,6.0,2,5.3,2.0,0.0,0.0,0.0,0.0,0.0,0.0,0.0,0.0,titolare,True,False,,False,,,2026-09-09T13:29:56.628602+00:00
6170,2026-27,Gineitis,C,M;C,TORINO,5,5,0,12,False,38.54,89.0,191.0,255.0,560.0,26.05,46.56,6.46,49.18,18.69,5.99,5.92,69,36.3,13.8,0.6,0.6,0.0,0.0,0.255,0.085,3.0,0.0,panchina,False,False,,False,,3.0,2026-09-09T13:29:56.628602+00:00
5507,2026-27,Busio,C,M;C,VENEZIA,5,5,0,14,False,33.72,109.0,191.0,315.0,560.0,24.05,30.72,15.31,26.29,9.99,5.95,5.89,61,53.5,20.3,1.0,0.3,0.0,0.0,0.22,0.081,4.0,0.0,titolare,True,False,,False,1.0,1.0,2026-09-09T13:29:56.628602+00:00
5319,2026-27,Sohm,C,C,VENEZIA,5,5,0,11,False,29.49,125.0,191.0,358.0,560.0,11.87,35.03,22.11,46.45,17.65,6.01,5.88,62,54.4,20.7,1.3,0.3,0.0,0.0,0.26,0.075,3.3,0.0,panchina,False,False,,False,,,2026-09-09T13:29:56.628602+00:00
6994,2026-27,Perez K.,C,C;T,VENEZIA,5,5,0,15,False,38.12,92.0,191.0,265.0,560.0,40.13,31.16,15.31,10.53,4.0,6.08,6.0,18,23.7,9.0,0.5,0.5,0.0,0.0,0.324,0.056,2.5,0.0,titolare,True,False,,False,,3.0,2026-09-09T13:29:56.628602+00:00
6618,2026-27,Cissè A.,C,W;T,MILAN,5,3,2,24,False,18.06,163.0,191.0,441.0,560.0,0.0,0.0,35.71,0.0,0.0,7.75,6.25,2,5.3,2.0,1.0,0.0,0.0,0.0,1.125,0.5,0.0,0.0,titolare,True,False,,False,,,2026-09-09T13:29:56.628602+00:00
22,2026-27,De Roon,C,M;C,ROMA,4,4,0,10,False,52.41,55.0,191.0,156.0,560.0,46.61,81.97,0.0,87.84,33.38,6.19,6.03,164,86.3,32.8,2.2,2.2,0.0,0.0,0.252,0.199,6.6,0.4,panchina,False,False,,False,,,2026-09-09T13:29:56.628602+00:00
6054,2026-27,Moro N.,C,M;C,BOLOGNA,4,4,0,14,False,44.83,76.0,191.0,213.0,560.0,34.29,55.47,0.0,53.16,20.2,6.17,5.99,86,56.6,21.5,1.0,1.2,0.0,0.0,0.168,0.097,0.8,0.0,panchina,False,False,,False,,,2026-09-09T13:29:56.628602+00:00
6895,2026-27,Dominguez B.,C,W;A,SASSUOLO,4,3,1,12,False,40.69,84.0,191.0,241.0,560.0,40.79,40.21,15.31,24.21,9.2,6.49,6.09,34,29.8,11.3,1.0,1.7,0.0,0.0,0.31,0.067,0.3,0.0,panchina,False,False,,False,,,2026-09-09T13:29:56.628602+00:00
7127,2026-27,Addai,C,W;A,COMO,4,5,-1,10,False,28.19,134.0,191.0,373.0,560.0,32.32,25.79,0.0,11.05,4.2,6.54,5.96,12,31.6,12.0,3.0,0.0,0.0,0.0,0.43,0.152,4.0,0.0,panchina,False,True,"rottura tendine d'Achille, rientro dalla seconda metà di settembre",False,,,2026-09-09T13:29:56.628602+00:00
6206,2026-27,Fabbian,C,C;T,PARMA,4,4,0,8,False,39.44,86.0,191.0,248.0,560.0,36.08,51.16,0.0,46.32,17.6,6.46,6.04,66,57.9,22.0,3.3,0.3,0.0,0.0,0.272,0.161,2.0,0.0,titolare,True,False,,False,,,2026-09-09T13:29:56.628602+00:00
7473,2026-27,Cichella,C,M;C,FROSINONE,4,4,0,12,False,9.63,175.0,191.0,512.0,560.0,0.0,0.0,11.22,0.0,0.0,5.5,5.5,1,2.6,1.0,0.0,0.0,0.0,0.0,,0.0,0.0,0.0,panchina,False,False,,False,,,2026-09-09T13:29:56.628602+00:00
6506,2026-27,Fini,C,W,FROSINONE,4,3,1,13,False,29.33,127.0,191.0,360.0,560.0,31.34,20.13,27.89,0.92,0.35,5.83,5.83,3,3.9,1.5,0.0,0.0,0.0,0.0,0.083,0.0,0.0,0.0,titolare,True,False,,False,,,2026-09-09T13:29:56.628602+00:00
7341,2026-27,Amorim,C,M;C,GENOA,4,4,0,11,False,25.53,141.0,191.0,387.0,560.0,21.92,18.03,39.8,8.29,3.15,5.75,5.8,10,13.2,5.0,0.0,0.0,0.0,0.0,0.233,0.0,0.5,0.0,panchina,False,False,,False,,,2026-09-09T13:29:56.628602+00:00
4970,2026-27,Messias,C,W;T,GENOA,4,3,1,8,False,51.34,60.0,191.0,166.0,560.0,53.82,63.47,27.89,50.34,19.13,6.51,6.06,105,46.1,17.5,2.5,1.0,0.0,0.0,0.325,0.218,1.2,0.0,panchina,False,False,,False,,3.0,2026-09-09T13:29:56.628602+00:00
2857,2026-27,Traorè Hj.,C,W;T,GENOA,4,5,-1,11,False,26.23,139.0,191.0,384.0,560.0,25.55,23.73,0.0,13.58,5.16,6.51,6.03,47,41.2,15.7,2.3,1.3,0.0,0.0,0.428,0.153,1.7,0.0,panchina,False,False,,False,,,2026-09-09T13:29:56.628602+00:00
2529,2026-27,Mkhitaryan,C,C,INTER,4,5,-1,9,False,60.33,39.0,191.0,105.0,560.0,62.34,88.21,0.0,82.11,31.2,6.55,6.2,158,83.2,31.6,3.0,4.0,0.0,0.0,0.306,0.239,3.8,0.2,panchina,False,False,,False,,,2026-09-09T13:29:56.628602+00:00
4911,2026-27,Douglas Luiz,C,C,JUVENTUS,4,4,0,15,False,31.88,119.0,191.0,339.0,560.0,28.24,24.03,15.31,9.87,3.75,5.79,5.85,17,22.4,8.5,0.0,0.0,0.0,0.0,0.086,0.0,1.0,0.0,titolare,True,False,,False,,3.0,2026-09-09T13:29:56.628602+00:00
333,2026-27,Cataldi,C,M;C,LAZIO,4,4,0,12,False,51.6,58.0,191.0,162.0,560.0,45.63,68.23,0.0,67.39,25.61,6.15,6.02,131,68.9,26.2,1.6,1.2,0.0,0.0,0.265,0.154,5.2,0.0,panchina,False,True,"ernia bilaterale, tentativo rientro metà settembre",False,,,2026-09-09T13:29:56.628602+00:00
7322,2026-27,Ngom,C,M;C,LECCE,4,4,0,12,False,23.39,146.0,191.0,407.0,560.0,15.5,16.87,6.46,11.97,4.55,5.6,5.67,15,19.7,7.5,0.0,0.0,0.0,0.0,0.202,0.0,1.0,0.0,titolare,True,False,,False,,,2026-09-09T13:29:56.628602+00:00
6015,2026-27,Berisha M.,C,C;T,LECCE,4,5,-1,12,False,42.03,82.0,191.0,232.0,560.0,46.95,42.89,0.0,22.37,8.5,6.33,6.08,30,26.3,10.0,0.7,1.3,0.0,0.0,0.243,0.071,1.7,0.0,panchina,False,False,,False,3.0,2.0,2026-09-09T13:29:56.628602+00:00
7318,2026-27,Gandelman,C,C;T,LECCE,4,5,-1,10,False,30.71,124.0,191.0,350.0,560.0,33.87,30.24,0.0,15.66,5.95,6.38,5.97,17,44.7,17.0,2.0,1.0,0.0,0.0,0.233,0.11,0.0,0.0,panchina,False,False,,False,,3.0,2026-09-09T13:29:56.628602+00:00
5453,2026-27,Ricci S.,C,M;C,COMO,4,4,0,12,False,49.08,70.0,191.0,187.0,560.0,40.47,74.41,0.0,79.11,30.06,6.06,6.0,150,78.9,30.0,1.2,1.2,0.0,0.0,0.245,0.137,4.8,0.6,panchina,False,False,,False,,,2026-09-09T13:29:56.628602+00:00
4199,2026-27,Loftus-Cheek,C,C;T,MILAN,4,4,0,16,False,53.02,53.0,191.0,149.0,560.0,44.55,55.87,27.89,46.45,17.65,6.38,6.04,70,46.1,17.5,2.2,0.5,0.0,0.0,0.266,0.174,2.8,0.0,panchina,False,False,,False,,,2026-09-09T13:29:56.628602+00:00
6252,2026-27,Folorunsho,C,C;T,MONZA,4,4,0,17,False,49.75,68.0,191.0,182.0,560.0,38.76,53.92,22.11,49.87,18.95,6.22,6.01,73,48.0,18.2,1.8,0.2,0.0,0.0,0.358,0.161,3.2,0.0,titolare,True,False,,False,,2.0,2026-09-09T13:29:56.628602+00:00
6207,2026-27,Almqvist,C,W;A,PARMA,4,4,0,11,False,33.53,111.0,191.0,318.0,560.0,20.68,38.61,22.11,41.18,15.65,6.01,5.9,66,43.4,16.5,0.8,0.8,0.0,0.0,0.256,0.081,2.5,0.0,panchina,False,False,,False,,,2026-09-09T13:29:56.628602+00:00
6005,2026-27,Ilkhan,C,M;C,TORINO,4,4,0,8,False,24.37,142.0,191.0,398.0,560.0,19.08,21.69,11.22,17.55,6.67,5.92,5.81,24,21.1,8.0,0.3,0.7,0.0,0.0,0.344,0.045,1.0,0.3,panchina,False,False,,False,,,2026-09-09T13:29:56.628602+00:00
6827,2026-27,Njie,C,W;A,FIORENTINA,4,4,0,28,False,33.82,108.0,191.0,314.0,560.0,26.37,25.66,39.8,16.45,6.25,6.23,5.95,22,19.3,7.3,0.7,0.3,0.0,0.0,0.331,0.099,0.7,0.0,titolare,True,False,,False,,,2026-09-09T13:29:56.628602+00:00
7208,2026-27,Miller L.,C,M;C,UDINESE,4,3,1,12,False,33.82,107.0,191.0,313.0,560.0,29.37,29.45,27.89,17.5,6.65,5.95,5.93,21,27.6,10.5,0.0,1.0,0.0,0.0,0.082,0.0,1.5,0.0,titolare,True,False,,False,,,2026-09-09T13:29:56.628602+00:00
7550,2026-27,Grillitsch,C,M;C,FROSINONE,4,5,-1,10,False,6.19,179.0,191.0,527.0,560.0,0.0,0.0,0.0,0.0,0.0,,,0,0.0,0.0,0.0,0.0,0.0,0.0,,,0.0,0.0,panchina,False,False,,False,,,2026-09-09T13:29:56.628602+00:00
7579,2026-27,Massolin,C,C;T,CAGLIARI,4,4,0,12,False,,,,,,,,,,,,,0,0.0,0.0,0.0,0.0,0.0,0.0,,,0.0,0.0,panchina,False,False,,False,,,2026-09-09T13:29:56.628602+00:00
6024,2026-27,Sulemana I.,C,M;C,SASSUOLO,3,3,0,7,False,27.26,136.0,191.0,379.0,560.0,20.08,32.99,0.0,34.63,13.16,6.04,5.87,56,36.8,14.0,1.2,0.0,0.0,0.0,0.259,0.129,2.8,0.0,panchina,False,False,,False,,,2026-09-09T13:29:56.628602+00:00
1871,2026-27,Deiola,C,M;C,CAGLIARI,3,3,0,8,False,32.87,115.0,191.0,323.0,560.0,18.92,43.57,15.31,52.97,20.13,5.97,5.87,100,52.6,20.0,1.4,0.6,0.0,0.0,0.272,0.154,4.4,0.0,titolare,True,False,,False,,,2026-09-09T13:29:56.628602+00:00
4947,2026-27,Brescianini,C,C;T,FIORENTINA,3,3,0,11,False,49.76,67.0,191.0,181.0,560.0,47.68,59.13,6.46,50.13,19.05,6.47,6.06,78,51.3,19.5,2.5,1.0,0.0,0.0,0.318,0.193,1.0,0.0,panchina,False,False,,False,,,2026-09-09T13:29:56.628602+00:00
6241,2026-27,Gelli F.,C,C;T,FROSINONE,3,3,0,6,False,24.23,143.0,191.0,401.0,560.0,26.32,22.95,0.0,10.53,4.0,5.78,5.85,20,52.6,20.0,0.0,0.0,0.0,0.0,0.134,0.0,3.0,0.0,,False,False,,False,,,2026-09-09T13:29:56.628602+00:00
6917,2026-27,Masini,C,M;C,FROSINONE,3,2,1,8,False,41.38,83.0,191.0,237.0,560.0,39.79,46.82,35.71,33.82,12.85,6.03,6.02,45,39.5,15.0,0.3,0.3,0.0,0.0,0.17,0.029,2.3,0.0,titolare,True,False,,False,,,2026-09-09T13:29:56.628602+00:00
6503,2026-27,Stankovic A.,C,M;C,INTER,3,3,0,7,False,4.68,181.0,191.0,533.0,560.0,0.0,0.0,0.0,0.0,0.0,,,0,0.0,0.0,0.0,0.0,0.0,0.0,,,0.0,0.0,panchina,False,False,,False,,,2026-09-09T13:29:56.628602+00:00
7248,2026-27,Gorter,C,M;C,LECCE,3,1,2,12,False,28.63,131.0,191.0,368.0,560.0,31.34,20.13,27.89,0.92,0.35,6.83,5.83,3,3.9,1.5,0.5,0.0,0.0,0.0,1.083,0.333,0.0,0.0,panchina,False,False,,False,,,2026-09-09T13:29:56.628602+00:00
5457,2026-27,Maleh,C,M;C,LECCE,3,2,1,7,False,30.94,122.0,191.0,346.0,560.0,11.29,44.86,27.89,63.18,24.01,5.82,5.84,123,53.9,20.5,0.5,0.7,0.0,0.0,0.268,0.075,4.3,0.3,panchina,False,False,,False,,,2026-09-09T13:29:56.628602+00:00
5295,2026-27,Musah,C,C;W,MILAN,3,2,1,15,False,35.73,103.0,191.0,292.0,560.0,13.79,35.63,35.71,45.0,17.1,5.86,5.85,69,45.4,17.2,0.2,0.8,0.0,0.0,0.23,0.027,2.8,0.0,titolare,True,False,,False,,,2026-09-09T13:29:56.628602+00:00
7477,2026-27,Colombo L.,C,M;C,MONZA,3,3,0,4,False,3.31,185.0,191.0,542.0,560.0,0.0,0.0,0.0,0.0,0.0,,,0,0.0,0.0,0.0,0.0,0.0,0.0,,,0.0,0.0,panchina,False,False,,False,,,2026-09-09T13:29:56.628602+00:00
5131,2026-27,Gilmour,C,M;C,NAPOLI,3,3,0,10,False,38.69,88.0,191.0,254.0,560.0,44.82,41.47,0.0,23.16,8.8,6.15,6.03,30,39.5,15.0,0.5,0.5,0.0,0.0,0.189,0.05,0.5,0.0,panchina,False,False,,False,,,2026-09-09T13:29:56.628602+00:00
7138,2026-27,Ordonez C.,C,M;C,PARMA,3,2,1,10,False,21.71,152.0,191.0,420.0,560.0,14.92,21.08,27.89,19.34,7.35,5.83,5.8,23,30.3,11.5,0.5,0.0,0.0,0.0,0.199,0.045,1.5,0.5,titolare,True,False,,False,,,2026-09-09T13:29:56.628602+00:00
7536,2026-27,Diallo O.,C,W;A,PARMA,3,3,0,12,False,10.5,173.0,191.0,504.0,560.0,0.0,0.0,22.11,0.0,0.0,6.0,6.0,1,2.6,1.0,0.0,0.0,0.0,0.0,,0.0,0.0,0.0,panchina,False,True,"noie fisiche, out contro il Como",False,,,2026-09-09T13:29:56.628602+00:00
7183,2026-27,Aboukhlal,C,W;A,TORINO,3,3,0,5,False,21.26,153.0,191.0,421.0,560.0,23.03,20.39,6.46,10.13,3.85,5.62,5.73,13,17.1,6.5,0.0,0.0,0.0,0.0,0.151,0.0,1.5,0.0,panchina,False,False,,False,,,2026-09-09T13:29:56.628602+00:00
5872,2026-27,Helgason,C,C;T,VENEZIA,3,3,0,3,False,19.15,159.0,191.0,431.0,560.0,16.66,21.54,0.0,19.05,7.24,6.06,5.94,31,27.2,10.3,0.0,1.3,0.0,0.0,0.229,0.0,0.0,0.0,panchina,False,False,,False,,,2026-09-09T13:29:56.628602+00:00
801,2026-27,Gagliardini,C,M;C,CAGLIARI,3,3,0,8,False,,,,,,,,,,,5.92,5.87,95,50.0,19.0,0.8,0.6,0.0,0.0,0.245,0.097,4.0,0.2,panchina,False,False,,False,,,2026-09-09T13:29:56.628602+00:00
7232,2026-27,Fernandez T.,C,T;A,VENEZIA,3,3,0,8,False,,,,,,,,,,,,,0,0.0,0.0,0.0,0.0,0.0,0.0,,,0.0,0.0,panchina,False,False,,False,,,2026-09-09T13:29:56.628602+00:00
6225,2026-27,El Azzouzi O.,C,M;C,BOLOGNA,2,2,0,10,False,31.59,120.0,191.0,342.0,560.0,42.42,28.95,5.44,4.74,1.8,6.6,6.0,10,13.2,5.0,1.0,1.0,0.0,0.0,0.5,0.194,2.0,0.0,panchina,False,True,"lesione del bicipite femorale della coscia sinistra, rientro dalla seconda metà di settembre",False,,,2026-09-09T13:29:56.628602+00:00
6815,2026-27,Fadera,C,W,CAGLIARI,2,2,0,12,False,37.83,94.0,191.0,269.0,560.0,27.42,38.74,22.11,37.89,14.4,6.16,5.96,49,43.0,16.3,1.0,1.3,0.0,0.0,0.363,0.099,1.3,0.3,panchina,False,False,,False,,,2026-09-09T13:29:56.628602+00:00
6903,2026-27,Hasa,C,C;T,FROSINONE,2,2,0,5,False,5.71,180.0,191.0,529.0,560.0,0.0,0.0,22.11,0.0,0.0,6.0,6.0,1,2.6,1.0,0.0,0.0,0.0,0.0,,0.0,0.0,0.0,panchina,False,False,,False,,,2026-09-09T13:29:56.628602+00:00
6980,2026-27,Venturino,C,W,GENOA,2,2,0,4,False,31.92,118.0,191.0,338.0,560.0,46.55,34.05,0.0,9.74,3.7,6.62,6.12,12,15.8,6.0,1.0,0.0,0.0,0.0,0.46,0.1,0.0,0.0,panchina,False,True,"problema al tendine rotuleo, ipotesi rientro fine ottobre",False,,,2026-09-09T13:29:56.628602+00:00
6191,2026-27,Belahyane,C,M;C,LAZIO,2,1,1,3,False,26.18,140.0,191.0,385.0,560.0,21.37,29.39,22.11,28.29,10.75,5.76,5.8,40,26.3,10.0,0.0,1.0,0.0,0.0,0.433,0.0,1.2,0.8,titolare,True,False,,False,,,2026-09-09T13:29:56.628602+00:00
5880,2026-27,Ciurria,C,E;W,MONZA,2,2,0,6,False,27.66,135.0,191.0,376.0,560.0,21.74,34.39,0.0,33.82,12.85,6.34,6.0,74,64.9,24.7,2.3,2.7,0.0,0.0,0.315,0.137,2.3,0.0,panchina,False,True,"noie fisiche, out contro Lecce",False,,,2026-09-09T13:29:56.628602+00:00
7276,2026-27,Cremaschi,C,E;C,PARMA,2,1,1,3,False,23.98,144.0,191.0,403.0,560.0,36.84,23.08,11.22,0.92,0.35,5.75,5.75,2,2.6,1.0,0.0,0.0,0.0,0.0,0.125,0.0,0.0,0.0,panchina,False,False,,False,,,2026-09-09T13:29:56.628602+00:00
6219,2026-27,Boloca,C,M;C,SASSUOLO,2,2,0,5,False,19.99,156.0,191.0,427.0,560.0,16.63,21.11,0.0,17.63,6.7,5.81,5.84,32,42.1,16.0,0.5,0.0,0.0,0.0,0.346,0.032,3.0,0.5,panchina,False,True,"problema al ginocchio, da valutare rientro da fine settembre",False,,,2026-09-09T13:29:56.628602+00:00
6246,2026-27,Lipani,C,M;C,SASSUOLO,2,2,0,5,False,29.31,128.0,191.0,361.0,560.0,30.82,34.24,0.0,23.03,8.75,5.93,5.95,28,36.8,14.0,0.0,0.5,0.0,0.0,0.117,0.0,1.5,0.0,panchina,False,False,,False,,,2026-09-09T13:29:56.628602+00:00
6212,2026-27,Zarraga,C,M;C,UDINESE,2,1,1,4,False,23.69,145.0,191.0,404.0,560.0,17.47,25.16,22.11,24.74,9.4,6.07,5.83,36,23.7,9.0,0.8,0.0,0.0,0.0,0.257,0.103,0.2,0.0,panchina,False,False,,False,,,2026-09-09T13:29:56.628602+00:00
7418,2026-27,Chakvetadze,C,W;T,UDINESE,2,2,0,6,False,4.3,182.0,191.0,536.0,560.0,0.0,0.0,0.0,0.0,0.0,,,0,0.0,0.0,0.0,0.0,0.0,0.0,,,0.0,0.0,panchina,False,False,,False,,,2026-09-09T13:29:56.628602+00:00
526,2026-27,Duncan,C,C,VENEZIA,2,2,0,4,False,29.34,126.0,191.0,359.0,560.0,25.5,38.05,0.0,36.05,13.7,6.13,5.95,92,60.5,23.0,1.2,1.8,0.0,0.0,0.25,0.123,2.5,0.0,,False,False,,False,,,2026-09-09T13:29:56.628602+00:00
6592,2026-27,Forson O.,C,W;T,MONZA,2,1,1,1,False,20.35,154.0,191.0,425.0,560.0,27.13,19.21,22.11,3.95,1.5,5.71,5.71,7,9.2,3.5,0.0,0.0,0.0,0.0,0.071,0.0,0.0,0.0,panchina,False,False,,False,,,2026-09-09T13:29:56.628602+00:00
7574,2026-27,Foe Ondoa,C,C,MONZA,2,1,1,2,False,3.68,184.0,191.0,539.0,560.0,0.0,0.0,15.31,0.0,0.0,5.75,5.75,2,5.3,2.0,0.0,0.0,0.0,0.0,0.125,0.0,0.0,0.0,panchina,False,False,,False,,,2026-09-09T13:29:56.628602+00:00
7092,2026-27,Jovanovic,C,W;T,UDINESE,2,2,0,5,False,,,,,,,,,,,,,0,0.0,0.0,0.0,0.0,0.0,0.0,,,0.0,0.0,panchina,False,False,,False,,,2026-09-09T13:29:56.628602+00:00
7165,2026-27,Liteta,C,M;C,CAGLIARI,1,1,0,1,False,19.73,157.0,191.0,428.0,560.0,29.53,20.53,0.0,3.68,1.4,5.75,5.75,4,10.5,4.0,0.0,0.0,0.0,0.0,0.083,0.0,0.0,0.0,panchina,False,False,,False,,,2026-09-09T13:29:56.628602+00:00
7357,2026-27,Lahdo,C,C;T,COMO,1,1,0,1,False,2.25,188.0,191.0,557.0,560.0,0.0,0.0,0.0,0.0,0.0,,,0,0.0,0.0,0.0,0.0,0.0,0.0,,,0.0,0.0,panchina,False,False,,False,,,2026-09-09T13:29:56.628602+00:00
7456,2026-27,El Azzouzi A.,C,M;C,FROSINONE,1,1,0,1,False,2.25,191.0,191.0,560.0,560.0,0.0,0.0,0.0,0.0,0.0,,,0,0.0,0.0,0.0,0.0,0.0,0.0,,,0.0,0.0,panchina,False,False,,False,,,2026-09-09T13:29:56.628602+00:00
5725,2026-27,Kone B.,C,C,FROSINONE,1,1,0,3,False,21.94,151.0,191.0,416.0,560.0,34.68,21.57,0.0,0.87,0.33,5.5,5.5,2,2.6,1.0,0.0,0.0,0.0,0.0,0.5,0.0,0.0,0.0,,False,False,,False,,,2026-09-09T13:29:56.628602+00:00
7345,2026-27,Przyborek,C,W;T,LAZIO,1,1,0,5,False,4.24,183.0,191.0,537.0,560.0,0.0,0.0,0.0,0.0,0.0,,,0,0.0,0.0,0.0,0.0,0.0,0.0,,,0.0,0.0,panchina,False,False,,False,,,2026-09-09T13:29:56.628602+00:00
6410,2026-27,Kaba,C,M;C,LECCE,1,1,0,2,False,20.09,155.0,191.0,426.0,560.0,13.45,26.18,0.0,29.61,11.25,5.76,5.82,45,39.5,15.0,0.0,0.0,0.0,0.0,0.149,0.0,1.3,0.3,,False,False,,False,,,2026-09-09T13:29:56.628602+00:00
7319,2026-27,Fofana Sa.,C,M;C,LECCE,1,1,0,1,False,18.47,162.0,191.0,440.0,560.0,28.76,18.37,0.0,1.84,0.7,5.5,5.5,2,5.3,2.0,0.0,0.0,0.0,0.0,0.5,0.0,0.0,0.0,panchina,False,False,,False,,,2026-09-09T13:29:56.628602+00:00
5007,2026-27,Ilic,C,M;C,LECCE,1,1,0,10,False,42.14,80.0,191.0,230.0,560.0,39.03,53.83,11.22,47.26,17.96,6.17,6.03,110,48.2,18.3,1.2,1.2,0.0,0.0,0.281,0.12,3.2,0.2,titolare,True,False,,False,,,2026-09-09T13:29:56.628602+00:00
6889,2026-27,Anjorin,C,C;T,TORINO,1,1,0,4,False,30.85,123.0,191.0,348.0,560.0,35.68,35.76,0.0,22.76,8.65,6.37,6.15,31,40.8,15.5,1.0,1.5,0.0,0.0,0.337,0.074,2.0,0.0,,False,False,,False,,,2026-09-09T13:29:56.628602+00:00
7481,2026-27,Dagasso,C,C,VENEZIA,1,1,0,1,False,2.68,187.0,191.0,545.0,560.0,0.0,0.0,5.44,0.0,0.0,4.5,5.0,1,2.6,1.0,0.0,0.0,0.0,0.0,,0.0,1.0,0.0,panchina,False,False,,False,,,2026-09-09T13:29:56.628602+00:00
7571,2026-27,Laerke,C,W;A,LECCE,1,1,0,1,False,2.25,189.0,191.0,558.0,560.0,0.0,0.0,0.0,0.0,0.0,,,0,0.0,0.0,0.0,0.0,0.0,0.0,,,0.0,0.0,,False,False,,False,,,2026-09-09T13:29:56.628602+00:00
7572,2026-27,Comotto,C,M;C,MILAN,1,1,0,1,False,2.25,190.0,191.0,559.0,560.0,0.0,0.0,0.0,0.0,0.0,,,0,0.0,0.0,0.0,0.0,0.0,0.0,,,0.0,0.0,panchina,False,False,,False,,,2026-09-09T13:29:56.628602+00:00
7575,2026-27,Mout,C,C,MONZA,1,1,0,12,False,9.67,174.0,191.0,510.0,560.0,0.0,0.0,6.46,0.0,0.0,6.0,5.5,2,5.3,2.0,0.0,1.0,0.0,0.0,0.5,0.0,0.0,0.0,panchina,False,False,,False,,,2026-09-09T13:29:56.628602+00:00
5462,2026-27,Ciervo,C,W,CAGLIARI,1,1,0,1,False,22.63,150.0,191.0,412.0,560.0,36.92,24.04,0.0,1.47,0.56,6.14,6.0,7,18.4,7.0,0.0,1.0,0.0,0.0,0.083,0.0,0.0,0.0,panchina,False,False,,False,,,2026-09-09T13:29:56.628602+00:00
5585,2026-27,Malen,A,Pc,ROMA,38,34,4,450,False,62.07,18.0,97.0,92.0,560.0,61.61,47.86,50.0,16.58,6.3,9.78,6.88,20,26.3,10.0,9.5,1.0,0.0,0.0,1.023,0.261,1.0,0.0,titolare,True,False,,False,1.0,2.0,2026-09-09T13:29:56.628602+00:00
2764,2026-27,Martinez L.,A,Pc,INTER,33,35,-2,361,False,76.52,1.0,97.0,10.0,560.0,64.11,89.58,23.19,84.03,31.93,8.18,6.41,166,72.8,27.7,15.8,3.3,0.0,0.0,0.753,0.097,3.3,0.0,titolare,True,False,,False,3.0,,2026-09-09T13:29:56.628602+00:00
4871,2026-27,Thuram,A,Pc,INTER,28,29,-1,249,False,73.41,2.0,97.0,16.0,560.0,63.85,79.29,18.12,66.18,25.15,7.81,6.43,97,63.8,24.2,10.0,4.2,0.0,0.0,0.573,0.245,1.5,0.0,panchina,False,False,,False,,,2026-09-09T13:29:56.628602+00:00
6052,2026-27,Hojlund,A,Pc,NAPOLI,28,28,0,260,False,62.86,15.0,97.0,84.0,560.0,52.86,55.59,35.51,39.87,15.15,7.28,6.17,65,57.0,21.7,7.3,2.3,0.0,0.0,0.697,0.252,0.7,0.0,titolare,True,False,,False,2.0,,2026-09-09T13:29:56.628602+00:00
6397,2026-27,Ramos G.,A,Pc,MILAN,27,27,0,237,False,22.6,74.0,97.0,413.0,560.0,0.0,0.0,42.75,0.0,0.0,8.0,6.5,2,5.3,2.0,1.0,0.0,0.0,0.0,0.5,0.5,0.0,0.0,titolare,True,False,,False,1.0,,2026-09-09T13:29:56.628602+00:00
5951,2026-27,Kolo Muani,A,Pc,JUVENTUS,25,26,-1,165,False,50.45,29.0,97.0,175.0,560.0,49.48,35.9,13.04,10.53,4.0,7.53,6.14,18,23.7,9.0,4.0,0.5,0.0,0.0,0.877,0.235,0.0,0.0,titolare,True,False,,False,1.0,,2026-09-09T13:29:56.628602+00:00
2097,2026-27,Kean,A,Pc,COMO,24,25,-1,183,False,61.37,20.0,97.0,99.0,560.0,43.02,63.1,29.71,64.89,24.66,6.95,6.06,121,53.1,20.2,6.3,0.8,0.0,0.0,0.605,0.203,3.5,0.2,panchina,False,False,,False,2.0,,2026-09-09T13:29:56.628602+00:00
6752,2026-27,Woltemade,A,A,JUVENTUS,23,23,0,160,False,,,,,,,,,,,,,0,0.0,0.0,0.0,0.0,0.0,0.0,,,0.0,0.0,titolare,True,False,,False,2.0,,2026-09-09T13:29:56.628602+00:00
7017,2026-27,Douvikas,A,Pc,COMO,22,20,2,185,False,64.92,11.0,97.0,66.0,560.0,54.84,58.38,45.65,41.05,15.6,7.32,6.21,50,43.9,16.7,6.0,0.7,0.0,0.0,0.521,0.244,0.3,0.0,titolare,True,False,,False,3.0,,2026-09-09T13:29:56.628602+00:00
6434,2026-27,Yildiz,A,A,JUVENTUS,22,23,-1,100,False,70.77,4.0,97.0,28.0,560.0,60.94,76.89,18.12,65.66,24.95,6.97,6.28,91,59.9,22.8,4.8,2.5,0.0,0.0,0.423,0.231,1.5,0.2,panchina,False,True,"frattura metatarso piede sinistro, ipotesi rientro da fine novembre",False,,1.0,2026-09-09T13:29:56.628602+00:00
2137,2026-27,Scamacca,A,Pc,ATALANTA,19,19,0,110,False,65.57,10.0,97.0,60.0,560.0,60.05,61.71,23.19,41.74,15.86,7.64,6.26,84,55.3,21.0,9.5,1.8,0.0,0.0,0.69,0.237,2.5,0.0,titolare,True,False,,False,1.0,,2026-09-09T13:29:56.628602+00:00
531,2026-27,Berardi,A,A,SASSUOLO,19,18,1,106,False,69.18,6.0,97.0,40.0,560.0,62.29,66.79,44.93,47.42,18.02,8.01,6.55,101,53.2,20.2,9.0,5.2,0.0,0.0,0.648,0.211,4.8,0.2,titolare,True,False,,False,1.0,1.0,2026-09-09T13:29:56.628602+00:00
5637,2026-27,Davis K.,A,Pc,UDINESE,19,19,0,108,False,63.57,14.0,97.0,77.0,560.0,54.17,57.81,40.58,40.79,15.5,6.97,6.21,52,34.2,13.0,3.2,1.2,0.0,0.0,0.552,0.239,2.2,0.0,titolare,True,False,,False,1.0,,2026-09-09T13:29:56.628602+00:00
6435,2026-27,Krstovic,A,Pc,ATALANTA,18,18,0,98,False,63.96,13.0,97.0,75.0,560.0,45.68,69.38,35.51,71.18,27.05,6.9,6.04,104,68.4,26.0,7.2,2.8,0.0,0.0,0.568,0.254,3.8,0.2,panchina,False,False,,False,2.0,,2026-09-09T13:29:56.628602+00:00
5995,2026-27,De Ketelaere,A,A,ATALANTA,17,17,0,95,False,69.45,5.0,97.0,37.0,560.0,55.99,80.26,23.19,76.82,29.19,6.7,6.13,127,66.8,25.4,4.0,3.8,0.0,0.0,0.52,0.239,1.6,0.0,titolare,True,False,,False,,1.0,2026-09-09T13:29:56.628602+00:00
7071,2026-27,Esposito F.P.,A,Pc,INTER,17,16,1,105,False,62.74,16.0,97.0,85.0,560.0,57.5,53.38,47.83,28.55,10.85,7.14,6.3,33,43.4,16.5,4.0,2.0,0.0,0.0,0.296,0.194,0.5,0.0,titolare,True,False,,False,,,2026-09-09T13:29:56.628602+00:00
309,2026-27,Dybala,A,A,ROMA,16,14,2,100,False,71.97,3.0,97.0,21.0,560.0,62.97,75.05,49.28,60.5,22.99,7.73,6.46,123,53.9,20.5,7.2,5.5,0.0,0.0,0.603,0.222,2.0,0.0,titolare,True,False,,False,2.0,1.0,2026-09-09T13:29:56.628602+00:00
6675,2026-27,Dovbyk,A,Pc,BOLOGNA,15,16,-1,51,False,45.4,37.0,97.0,204.0,560.0,32.71,40.23,9.42,33.03,12.55,6.99,5.97,47,41.2,15.7,5.0,1.0,0.0,0.0,0.494,0.25,0.0,0.0,panchina,False,False,,False,3.0,,2026-09-09T13:29:56.628602+00:00
6060,2026-27,Laurientè,A,A,SASSUOLO,15,15,0,83,False,67.97,8.0,97.0,47.0,560.0,57.14,72.02,35.51,62.39,23.71,6.83,6.19,104,68.4,26.0,4.8,5.0,0.0,0.0,0.564,0.239,4.5,0.2,titolare,True,False,,False,3.0,2.0,2026-09-09T13:29:56.628602+00:00
4371,2026-27,Raspadori,A,A,ATALANTA,14,13,1,73,False,61.47,19.0,97.0,98.0,560.0,47.4,62.78,35.51,56.03,21.29,6.73,6.04,125,54.8,20.8,4.5,1.8,0.0,0.0,0.438,0.257,1.5,0.2,panchina,False,False,,False,,,2026-09-09T13:29:56.628602+00:00
7351,2026-27,Santos A.,A,W;A,NAPOLI,14,14,0,61,False,51.36,28.0,97.0,165.0,560.0,51.88,39.68,31.88,11.97,4.55,7.07,6.3,15,19.7,7.5,2.0,0.0,0.0,0.0,0.421,0.21,0.5,0.0,titolare,True,False,,False,,,2026-09-09T13:29:56.628602+00:00
7023,2026-27,Pellegrino M.,A,Pc,FIORENTINA,14,15,-1,40,False,52.25,27.0,97.0,157.0,560.0,42.92,50.62,8.7,41.32,15.7,6.61,5.97,50,43.9,16.7,4.0,0.0,0.0,0.0,0.484,0.186,2.7,0.0,titolare,True,False,,False,2.0,,2026-09-09T13:29:56.628602+00:00
6572,2026-27,Castro S.,A,Pc,ROMA,14,14,0,70,False,55.29,21.0,97.0,132.0,560.0,36.41,55.2,31.88,56.58,21.5,6.65,6.04,75,49.3,18.8,4.0,1.2,0.0,0.0,0.485,0.239,2.8,0.0,panchina,False,False,,False,3.0,,2026-09-09T13:29:56.628602+00:00
2061,2026-27,Simeone,A,Pc,TORINO,14,15,-1,80,False,52.6,25.0,97.0,153.0,560.0,31.82,56.83,13.04,62.08,23.59,6.91,6.04,117,51.3,19.5,5.7,1.0,0.0,0.0,0.632,0.256,2.3,0.0,titolare,True,False,,False,2.0,,2026-09-09T13:29:56.628602+00:00
5694,2026-27,Beto,A,Pc,FIORENTINA,14,14,0,50,False,,,,,,,,,,,7.08,6.07,62,54.4,20.7,7.0,0.3,0.0,0.0,0.532,0.255,1.0,0.0,panchina,False,False,,False,1.0,,2026-09-09T13:29:56.628602+00:00
5734,2026-27,Soulè,A,A,ROMA,13,12,1,48,False,67.59,9.0,97.0,50.0,560.0,58.23,75.29,42.75,65.76,24.99,7.0,6.22,100,52.6,20.0,4.8,2.4,0.0,0.0,0.461,0.256,1.6,0.0,titolare,True,False,,False,,,2026-09-09T13:29:56.628602+00:00
4463,2026-27,Esposito Se.,A,A,SASSUOLO,12,13,-1,40,False,62.07,17.0,97.0,91.0,560.0,59.79,70.0,0.0,54.87,20.85,6.88,6.22,69,90.8,34.5,7.5,2.0,0.0,0.0,0.349,0.239,3.5,0.0,panchina,False,False,,False,2.0,,2026-09-09T13:29:56.628602+00:00
6967,2026-27,Diao,A,W;A,COMO,12,11,1,50,False,54.72,23.0,97.0,136.0,560.0,52.14,46.85,35.51,24.61,9.35,7.17,6.26,33,28.9,11.0,3.3,0.7,0.0,0.0,0.611,0.226,1.3,0.0,titolare,True,False,,False,,,2026-09-09T13:29:56.628602+00:00
2038,2026-27,Pinamonti,A,Pc,LAZIO,12,13,-1,53,False,47.03,36.0,97.0,196.0,560.0,17.19,65.29,0.0,92.16,35.02,6.72,5.92,175,92.1,35.0,9.6,1.2,0.0,0.0,0.541,0.231,3.4,0.4,titolare,True,False,,False,2.0,,2026-09-09T13:29:56.628602+00:00
7547,2026-27,Kevin Carlos,A,Pc,CAGLIARI,12,13,-1,36,False,14.55,82.0,97.0,468.0,560.0,0.0,0.0,18.12,0.0,0.0,5.0,5.5,1,2.6,1.0,0.0,0.0,0.0,0.0,,0.0,1.0,0.0,panchina,False,False,,False,2.0,,2026-09-09T13:29:56.628602+00:00
4923,2026-27,Colombo,A,Pc,GENOA,11,11,0,52,False,48.58,34.0,97.0,191.0,560.0,19.64,58.93,23.19,78.08,29.67,6.43,5.91,124,65.3,24.8,4.4,1.0,0.0,0.0,0.411,0.254,2.4,0.2,titolare,True,False,,False,1.0,,2026-09-09T13:29:56.628602+00:00
7484,2026-27,Adams A.,A,Pc,VENEZIA,11,12,-1,35,False,15.62,80.0,97.0,462.0,560.0,0.0,0.0,13.04,0.0,0.0,5.5,5.5,2,5.3,2.0,0.0,0.0,0.0,0.0,0.0,0.0,0.0,0.0,titolare,True,False,,False,2.0,,2026-09-09T13:29:56.628602+00:00
6646,2026-27,Adams C.,A,A,TORINO,10,9,1,33,False,48.69,33.0,97.0,189.0,560.0,30.94,50.25,42.75,52.5,19.95,6.78,6.01,69,60.5,23.0,5.3,2.3,0.0,0.0,0.482,0.244,1.0,0.0,titolare,True,False,,False,,,2026-09-09T13:29:56.628602+00:00
6229,2026-27,Tourè E.,A,Pc,PARMA,10,11,-1,37,False,39.12,40.0,97.0,250.0,560.0,39.95,27.43,13.04,4.74,1.8,6.36,5.91,11,14.5,5.5,1.0,0.0,0.0,0.0,0.291,0.164,1.0,0.0,titolare,True,False,,False,1.0,,2026-09-09T13:29:56.628602+00:00
7554,2026-27,Romero D.,A,Pc,PARMA,10,10,0,37,False,16.46,79.0,97.0,455.0,560.0,0.0,0.0,40.58,0.0,0.0,6.5,6.5,1,2.6,1.0,0.0,0.0,0.0,0.0,,0.0,0.0,0.0,titolare,True,False,,False,,,2026-09-09T13:29:56.628602+00:00
5436,2026-27,Raimondo,A,Pc,FROSINONE,9,7,2,27,False,34.77,51.0,97.0,304.0,560.0,41.09,25.52,45.65,0.87,0.33,7.75,6.38,4,3.5,1.3,0.7,0.0,0.0,0.0,1.229,0.333,0.3,0.0,titolare,True,False,,False,,,2026-09-09T13:29:56.628602+00:00
2155,2026-27,Cutrone,A,Pc,MONZA,9,9,0,23,False,38.22,43.0,97.0,263.0,560.0,18.96,35.46,31.88,39.66,15.07,6.4,5.91,73,48.0,18.2,2.8,1.0,0.0,0.0,0.363,0.197,0.5,0.0,panchina,False,False,,False,1.0,,2026-09-09T13:29:56.628602+00:00
7347,2026-27,Bowie,A,Pc,SASSUOLO,9,10,-1,32,False,38.09,44.0,97.0,266.0,560.0,32.97,27.74,13.04,12.89,4.9,6.62,5.91,16,21.1,8.0,2.0,0.0,0.0,0.0,0.574,0.2,0.5,0.0,titolare,True,False,,False,,,2026-09-09T13:29:56.628602+00:00
6904,2026-27,Yeboah J.,A,A,VENEZIA,9,8,1,27,False,38.26,42.0,97.0,262.0,560.0,29.74,30.22,35.51,18.42,7.0,6.0,5.93,30,39.5,15.0,0.5,1.0,0.0,0.0,0.202,0.033,3.0,0.0,titolare,True,False,,False,,2.0,2026-09-09T13:29:56.628602+00:00
7612,2026-27,Bobcek,A,Pc,FROSINONE,9,9,0,31,False,13.48,84.0,97.0,474.0,560.0,0.0,0.0,0.0,0.0,0.0,,,0,0.0,0.0,0.0,0.0,0.0,0.0,,,0.0,0.0,panchina,False,False,,False,3.0,,2026-09-09T13:29:56.628602+00:00
4359,2026-27,Piccoli,A,Pc,BOLOGNA,8,8,0,29,False,43.61,38.0,97.0,219.0,560.0,17.14,54.51,13.04,72.79,27.66,6.41,5.91,122,53.5,20.3,3.7,0.3,0.0,0.0,0.415,0.257,2.0,0.0,titolare,True,False,,False,,,2026-09-09T13:29:56.628602+00:00
6530,2026-27,Ghedjemis,A,W;A,FROSINONE,8,9,-1,23,False,37.1,46.0,97.0,278.0,560.0,45.57,29.91,0.0,2.63,1.0,6.1,6.2,5,13.2,5.0,0.0,0.0,0.0,0.0,0.075,0.0,1.0,0.0,panchina,False,False,,False,,3.0,2026-09-09T13:29:56.628602+00:00
6164,2026-27,Vitinha O.,A,A,GENOA,8,8,0,13,False,47.5,35.0,97.0,195.0,560.0,43.28,55.21,13.04,46.18,17.55,6.4,5.96,61,40.1,15.2,2.2,1.0,0.0,0.0,0.369,0.161,2.0,0.0,panchina,False,False,,False,3.0,2.0,2026-09-09T13:29:56.628602+00:00
5029,2026-27,Geubbels,A,Pc,LECCE,8,9,-1,23,False,11.76,85.0,97.0,501.0,560.0,0.0,0.0,9.42,0.0,0.0,5.25,5.25,2,5.3,2.0,0.0,0.0,0.0,0.0,0.125,0.0,0.0,0.0,panchina,False,True,"distorsione alla caviglia, out contro il Monza",False,1.0,,2026-09-09T13:29:56.628602+00:00
7600,2026-27,Osmajic,A,Pc,GENOA,8,8,0,28,False,13.76,83.0,97.0,473.0,560.0,0.0,0.0,18.12,0.0,0.0,5.5,5.5,1,2.6,1.0,0.0,0.0,0.0,0.0,,0.0,0.0,0.0,titolare,True,False,,False,,,2026-09-09T13:29:56.628602+00:00
6669,2026-27,Bonny,A,Pc,INTER,7,7,0,15,False,53.73,24.0,97.0,143.0,560.0,49.22,59.53,29.71,49.21,18.7,6.68,6.08,65,57.0,21.7,3.7,2.7,0.0,0.0,0.455,0.211,1.0,0.0,panchina,False,False,,False,,,2026-09-09T13:29:56.628602+00:00
2832,2026-27,Boga,A,W;A,JUVENTUS,7,6,1,27,False,49.83,31.0,97.0,180.0,560.0,50.78,45.13,31.88,23.13,8.79,6.52,6.08,59,38.8,14.8,1.5,2.0,0.0,0.0,0.406,0.14,0.2,0.0,panchina,False,True,"sospetto stiramento al flessore della coscia, out contro Sassuolo",False,,,2026-09-09T13:29:56.628602+00:00
7523,2026-27,Varela G.,A,Pc,MONZA,7,3,4,40,False,14.57,81.0,97.0,467.0,560.0,0.0,0.0,47.83,0.0,0.0,10.0,7.0,2,5.3,2.0,2.0,0.0,0.0,0.0,0.0,0.0,0.0,0.0,panchina,False,True,"problema muscolare all'adduttore, out contro il Lecce",False,2.0,,2026-09-09T13:29:56.628602+00:00
7449,2026-27,Rrahmani Al.,A,Pc,VENEZIA,7,8,-1,13,False,9.84,87.0,97.0,507.0,560.0,0.0,0.0,0.0,0.0,0.0,,,0,0.0,0.0,0.0,0.0,0.0,0.0,,,0.0,0.0,panchina,False,False,,False,,,2026-09-09T13:29:56.628602+00:00
7623,2026-27,Gnonto,A,W;A,FIORENTINA,7,7,0,25,False,,,,,,,,,,,,,0,0.0,0.0,0.0,0.0,0.0,0.0,,,0.0,0.0,panchina,False,False,,False,,,2026-09-09T13:29:56.628602+00:00
5918,2026-27,Sulemana K.,A,A,ATALANTA,6,6,0,8,False,33.58,54.0,97.0,317.0,560.0,36.56,34.11,0.0,19.34,7.35,6.24,6.0,21,55.3,21.0,2.0,1.0,0.0,0.0,0.4,0.09,4.0,0.0,panchina,False,True,"lesione del collaterale mediale di secondo grado del ginocchio sinistro, rientro da inizio ottobre",False,,,2026-09-09T13:29:56.628602+00:00
6204,2026-27,Kvernadze,A,W;A,FROSINONE,6,4,2,24,False,34.69,52.0,97.0,305.0,560.0,38.59,24.38,45.65,1.05,0.4,6.5,6.25,4,5.3,2.0,0.0,0.5,0.0,0.0,0.75,0.0,0.0,0.0,titolare,True,False,,False,,,2026-09-09T13:29:56.628602+00:00
6556,2026-27,Noslin,A,A,LAZIO,6,6,0,8,False,49.25,32.0,97.0,186.0,560.0,48.96,56.0,0.0,42.63,16.2,6.72,6.11,59,51.8,19.7,3.7,2.7,0.0,0.0,0.457,0.222,2.7,0.3,panchina,False,False,,False,,,2026-09-09T13:29:56.628602+00:00
7252,2026-27,Stulic,A,Pc,LECCE,6,7,-1,11,False,25.9,67.0,97.0,386.0,560.0,14.9,25.75,9.42,27.63,10.5,6.06,5.7,32,42.1,16.0,2.0,0.0,0.0,0.0,0.336,0.116,0.5,0.0,titolare,True,False,,False,2.0,,2026-09-09T13:29:56.628602+00:00
6831,2026-27,Neres,A,W;A,NAPOLI,6,6,0,20,False,49.97,30.0,97.0,179.0,560.0,55.94,53.71,0.0,31.18,11.85,6.77,6.27,41,53.9,20.5,2.5,4.0,0.0,0.0,0.414,0.123,2.5,0.0,panchina,False,False,,False,,3.0,2026-09-09T13:29:56.628602+00:00
608,2026-27,Zapata D.,A,Pc,TORINO,6,7,-1,12,False,55.16,22.0,97.0,133.0,560.0,53.02,67.65,0.0,57.89,22.0,7.02,6.15,115,60.5,23.0,6.2,2.0,0.0,0.0,0.505,0.245,1.4,0.0,panchina,False,False,,False,,,2026-09-09T13:29:56.628602+00:00
7620,2026-27,Zeballos,A,A,MONZA,6,6,0,18,False,,,,,,,,,,,,,0,0.0,0.0,0.0,0.0,0.0,0.0,,,0.0,0.0,panchina,False,False,,False,,,2026-09-09T13:29:56.628602+00:00
4896,2026-27,Maldini,A,T;A,CAGLIARI,5,5,0,21,False,52.42,26.0,97.0,155.0,560.0,46.25,57.63,23.19,48.13,18.29,6.57,6.05,81,35.5,13.5,2.5,0.3,0.0,0.0,0.341,0.229,1.5,0.0,titolare,True,False,,False,,2.0,2026-09-09T13:29:56.628602+00:00
7610,2026-27,Birligea,A,Pc,FROSINONE,5,5,0,11,False,8.07,89.0,97.0,516.0,560.0,0.0,0.0,0.0,0.0,0.0,,,0,0.0,0.0,0.0,0.0,0.0,0.0,,,0.0,0.0,panchina,False,False,,False,,,2026-09-09T13:29:56.628602+00:00
6145,2026-27,Ngonge,A,A,MONZA,5,5,0,13,False,32.52,55.0,97.0,327.0,560.0,21.88,36.82,0.0,38.45,14.61,6.49,6.0,64,42.1,16.0,2.8,1.0,0.0,0.0,0.46,0.218,2.8,0.0,panchina,False,False,,False,3.0,1.0,2026-09-09T13:29:56.628602+00:00
6243,2026-27,Borrelli,A,Pc,CAGLIARI,4,4,0,9,False,32.21,58.0,97.0,332.0,560.0,30.26,33.02,29.71,24.47,9.3,6.43,5.93,28,24.6,9.3,1.7,0.3,0.0,0.0,0.402,0.135,1.3,0.0,,False,False,,False,,,2026-09-09T13:29:56.628602+00:00
7374,2026-27,Mendy P.,A,Pc,CAGLIARI,4,4,0,12,False,31.96,60.0,97.0,337.0,560.0,34.79,25.25,23.19,7.37,2.8,6.45,5.9,10,13.2,5.0,1.0,0.0,0.0,0.0,0.656,0.1,0.5,0.0,titolare,True,False,,False,,,2026-09-09T13:29:56.628602+00:00
7453,2026-27,Havel,A,Pc,GENOA,4,4,0,5,False,4.48,92.0,97.0,535.0,560.0,0.0,0.0,0.0,0.0,0.0,,,0,0.0,0.0,0.0,0.0,0.0,0.0,,,0.0,0.0,panchina,False,False,,False,,,2026-09-09T13:29:56.628602+00:00
7001,2026-27,N'Dri,A,W;A,LECCE,4,3,1,12,False,31.02,61.0,97.0,345.0,560.0,22.97,27.16,23.19,20.26,7.7,6.0,5.83,26,22.8,8.7,0.7,0.0,0.0,0.0,0.159,0.09,1.0,0.0,panchina,False,False,,False,,,2026-09-09T13:29:56.628602+00:00
6519,2026-27,Camarda,A,Pc,MILAN,4,5,-1,20,False,29.82,62.0,97.0,355.0,560.0,20.31,24.82,0.0,20.53,7.8,5.83,5.73,24,31.6,12.0,0.5,0.0,0.0,0.0,0.239,0.045,0.5,0.0,panchina,False,False,,False,,,2026-09-09T13:29:56.628602+00:00
5882,2026-27,Mota,A,A,MONZA,4,5,-1,8,False,35.14,49.0,97.0,299.0,560.0,26.04,42.74,0.0,46.92,17.83,6.45,5.97,93,81.6,31.0,4.7,2.0,0.0,0.0,0.464,0.211,2.7,0.0,titolare,True,False,,False,,,2026-09-09T13:29:56.628602+00:00
7162,2026-27,Giovane,A,A,NAPOLI,4,4,0,7,False,35.44,48.0,97.0,294.0,560.0,34.74,38.8,0.0,28.55,10.85,6.45,6.0,31,81.6,31.0,3.0,6.0,0.0,0.0,0.333,0.09,2.0,0.0,panchina,False,True,"ernia inguinale, rientro da inizio ottobre",False,,,2026-09-09T13:29:56.628602+00:00
7120,2026-27,Lang,A,A,NAPOLI,4,3,1,14,False,37.36,45.0,97.0,274.0,560.0,42.6,34.82,23.19,12.89,4.9,6.25,6.0,16,21.1,8.0,0.5,1.0,0.0,0.0,0.2,0.062,1.0,0.0,panchina,False,False,,False,,,2026-09-09T13:29:56.628602+00:00
6215,2026-27,Lucca,A,Pc,NAPOLI,4,3,1,12,False,36.98,47.0,97.0,279.0,560.0,22.6,42.07,40.58,47.89,18.2,6.79,6.04,77,50.7,19.2,5.2,0.8,0.0,0.0,0.439,0.254,4.2,0.0,panchina,False,False,,False,,,2026-09-09T13:29:56.628602+00:00
7213,2026-27,Frigan,A,A,PARMA,4,5,-1,6,False,6.42,91.0,97.0,526.0,560.0,0.0,0.0,0.0,0.0,0.0,,,0,0.0,0.0,0.0,0.0,0.0,0.0,,,0.0,0.0,panchina,False,False,,False,,,2026-09-09T13:29:56.628602+00:00
7349,2026-27,Kulenovic,A,Pc,TORINO,4,4,0,9,False,24.51,71.0,97.0,396.0,560.0,28.65,21.79,18.12,6.45,2.45,5.75,5.69,8,10.5,4.0,0.0,0.5,0.0,0.0,0.138,0.0,0.5,0.0,panchina,False,False,,False,,,2026-09-09T13:29:56.628602+00:00
7272,2026-27,Gueye,A,Pc,UDINESE,4,4,0,7,False,24.23,73.0,97.0,402.0,560.0,24.58,22.6,23.19,11.97,4.55,5.9,5.77,15,19.7,7.5,0.5,0.0,0.0,0.0,0.102,0.067,1.0,0.0,panchina,False,False,,False,,,2026-09-09T13:29:56.628602+00:00
4387,2026-27,Adorante,A,Pc,VENEZIA,4,5,-1,8,False,7.24,90.0,97.0,524.0,560.0,0.0,0.0,0.0,0.0,0.0,,,0,0.0,0.0,0.0,0.0,0.0,0.0,,,0.0,0.0,panchina,False,True,"problema alla schiena, rientro da ottobre",False,3.0,,2026-09-09T13:29:56.628602+00:00
7546,2026-27,Robinson J.,A,A,MONZA,4,4,0,5,False,3.45,93.0,97.0,540.0,560.0,0.0,0.0,0.0,0.0,0.0,,,0,0.0,0.0,0.0,0.0,0.0,0.0,,,0.0,0.0,titolare,True,False,,False,,,2026-09-09T13:29:56.628602+00:00
2012,2026-27,Milik,A,Pc,JUVENTUS,4,5,-1,10,False,38.38,41.0,97.0,260.0,560.0,40.21,41.72,0.0,23.0,8.74,6.64,6.05,53,46.5,17.7,3.7,0.7,0.0,0.0,0.358,0.218,1.0,0.7,panchina,False,False,,False,,,2026-09-09T13:29:56.628602+00:00
7602,2026-27,Fatah,A,W;A,LECCE,4,4,0,14,False,11.09,86.0,97.0,503.0,560.0,0.0,0.0,18.12,0.0,0.0,5.5,5.5,1,2.6,1.0,0.0,0.0,0.0,0.0,,0.0,0.0,0.0,panchina,False,False,,False,,,2026-09-09T13:29:56.628602+00:00
5336,2026-27,Nzola,A,Pc,CAGLIARI,4,4,0,10,False,,,,,,,,,,,6.58,5.96,103,67.8,25.8,5.5,1.5,0.0,0.0,0.515,0.255,3.2,0.2,panchina,False,False,,False,1.0,,2026-09-09T13:29:56.628602+00:00
6822,2026-27,Ekhator,A,A,JUVENTUS,3,3,0,10,False,32.24,57.0,97.0,331.0,560.0,25.89,36.82,0.0,32.89,12.5,6.21,5.92,40,52.6,20.0,2.0,0.5,0.0,0.0,0.276,0.123,1.5,0.0,panchina,False,True,"lesione di medio grado del muscolo semitendinoso, ipotesi rientro da fine ottobre",False,,,2026-09-09T13:29:56.628602+00:00
7342,2026-27,Elphege,A,Pc,PARMA,3,3,0,11,False,32.17,59.0,97.0,334.0,560.0,38.85,27.75,18.12,7.37,2.8,6.72,5.94,9,11.8,4.5,1.0,0.5,0.0,0.0,0.528,0.194,0.0,0.0,panchina,False,False,,False,,,2026-09-09T13:29:56.628602+00:00
7561,2026-27,Lontani,A,A,PARMA,3,1,2,11,False,9.67,88.0,97.0,511.0,560.0,0.0,0.0,35.51,0.0,0.0,6.25,6.25,2,5.3,2.0,0.0,0.0,0.0,0.0,0.125,0.0,0.0,0.0,panchina,False,False,,False,,,2026-09-09T13:29:56.628602+00:00
7627,2026-27,Enem,A,Pc,BOLOGNA,2,2,0,4,False,,,,,,,,,,,,,0,0.0,0.0,0.0,0.0,0.0,0.0,,,0.0,0.0,panchina,False,False,,False,,,2026-09-09T13:29:56.628602+00:00
7317,2026-27,Trepy,A,Pc,CAGLIARI,1,1,0,2,False,27.13,66.0,97.0,380.0,560.0,43.59,28.46,0.0,3.68,1.4,6.88,6.12,4,10.5,4.0,1.0,0.0,0.0,0.0,0.896,0.25,0.0,0.0,panchina,False,True,"noie fisiche, out contro Atalanta",False,,,2026-09-09T13:29:56.628602+00:00
7161,2026-27,Bayo V.,A,Pc,UDINESE,1,1,0,3,False,20.95,77.0,97.0,423.0,560.0,23.49,20.8,11.59,11.05,4.2,5.77,5.69,13,17.1,6.5,0.0,0.5,0.0,0.0,0.231,0.0,0.0,0.0,panchina,False,False,,False,,,2026-09-09T13:29:56.628602+00:00
7408,2026-27,Lisman,A,W;A,VENEZIA,1,1,0,1,False,2.44,97.0,97.0,556.0,560.0,0.0,0.0,0.0,0.0,0.0,,,0,0.0,0.0,0.0,0.0,0.0,0.0,,,0.0,0.0,panchina,False,False,,False,,,2026-09-09T13:29:56.628602+00:00
7482,2026-27,Lauberbach,A,Pc,VENEZIA,1,1,0,1,False,2.44,95.0,97.0,554.0,560.0,0.0,0.0,0.0,0.0,0.0,,,0,0.0,0.0,0.0,0.0,0.0,0.0,,,0.0,0.0,panchina,False,False,,False,,,2026-09-09T13:29:56.628602+00:00
7568,2026-27,De Martis,A,Pc,PARMA,1,1,0,1,False,2.44,94.0,97.0,553.0,560.0,0.0,0.0,0.0,0.0,0.0,,,0,0.0,0.0,0.0,0.0,0.0,0.0,,,0.0,0.0,panchina,False,False,,False,,,2026-09-09T13:29:56.628602+00:00
7622,2026-27,Robinho Junior,A,A,GENOA,1,1,0,3,False,,,,,,,,,,,,,0,0.0,0.0,0.0,0.0,0.0,0.0,,,0.0,0.0,panchina,False,False,,False,,,2026-09-09T13:29:56.628602+00:00
5876,2026-27,Di Gregorio,P,Por,JUVENTUS,9,9,0,10,True,63.24,10.0,71.0,79.0,560.0,53.57,79.61,0.0,78.39,29.79,5.23,6.22,133,87.5,33.2,0.0,0.2,35.2,0.8,0.263,0.0,0.2,0.0,,False,False,,False,,,2026-09-09T13:29:56.628602+00:00
6641,2026-27,Suzuki,P,Por,PARMA,7,7,0,20,True,46.15,21.0,71.0,203.0,560.0,30.71,43.37,0.0,42.76,16.25,4.75,6.15,57,75.0,28.5,0.0,0.0,40.5,0.5,0.339,0.0,0.5,0.5,,False,False,,False,,,2026-09-09T13:29:56.628602+00:00
218,2026-27,Perin,P,Por,JUVENTUS,6,6,0,5,True,41.68,26.0,71.0,235.0,560.0,39.86,36.32,0.0,17.68,6.72,5.47,6.2,33,17.4,6.6,0.0,0.0,5.4,0.2,0.155,0.0,0.0,0.0,,False,False,,False,,,2026-09-09T13:29:56.628602+00:00
2297,2026-27,Rossi F.,P,Por,ATALANTA,1,1,0,1,True,37.5,31.0,71.0,273.0,560.0,45.14,29.01,0.0,0.74,0.28,5.75,6.25,2,2.6,1.0,0.0,0.0,0.5,0.0,0.125,0.0,0.0,0.0,,False,False,,False,,,2026-09-09T13:29:56.628602+00:00
4929,2026-27,Ciocci,P,Por,CAGLIARI,1,1,0,1,True,13.31,57.0,71.0,484.0,560.0,0.0,0.0,0.0,0.0,0.0,,,0,0.0,0.0,0.0,0.0,0.0,0.0,,,0.0,0.0,,False,False,,False,,,2026-09-09T13:29:56.628602+00:00
2401,2026-27,Fruchtl,P,Por,LECCE,1,1,0,1,True,13.31,55.0,71.0,482.0,560.0,0.0,0.0,0.0,0.0,0.0,,,0,0.0,0.0,0.0,0.0,0.0,0.0,,,0.0,0.0,,False,False,,False,,,2026-09-09T13:29:56.628602+00:00
6523,2026-27,Samooja,P,Por,LECCE,1,1,0,1,True,13.31,63.0,71.0,490.0,560.0,0.0,0.0,0.0,0.0,0.0,,,0,0.0,0.0,0.0,0.0,0.0,0.0,,,0.0,0.0,,False,False,,False,,,2026-09-09T13:29:56.628602+00:00
6682,2026-27,Pizzignacco,P,Por,MONZA,1,1,0,1,True,35.99,35.0,71.0,290.0,560.0,37.5,25.84,7.14,5.92,2.25,3.65,5.95,10,13.2,5.0,0.0,0.0,10.5,0.0,0.303,0.0,0.0,0.0,,False,False,,False,,,2026-09-09T13:29:56.628602+00:00
7545,2026-27,Vismara,P,Por,ATALANTA,1,1,0,1,True,13.31,61.0,71.0,488.0,560.0,0.0,0.0,0.0,0.0,0.0,,,0,0.0,0.0,0.0,0.0,0.0,0.0,,,0.0,0.0,,False,False,,False,,,2026-09-09T13:29:56.628602+00:00
6814,2026-27,Norton-Cuffy,D,Dd;E,GENOA,8,8,0,15,True,42.95,83.0,201.0,224.0,560.0,25.68,34.67,13.57,31.45,11.95,5.97,5.86,39,34.2,13.0,0.7,0.3,0.0,0.0,0.328,0.059,1.0,0.3,,False,False,,False,,,2026-09-09T13:29:56.628602+00:00
5427,2026-27,Gutierrez,D,Ds;E,NAPOLI,8,8,0,26,True,50.72,63.0,201.0,172.0,560.0,46.9,40.61,0.0,19.34,7.35,6.17,5.98,21,55.3,21.0,1.0,1.0,0.0,0.0,0.212,0.048,0.0,0.0,,False,False,,False,,,2026-09-09T13:29:56.628602+00:00
787,2026-27,Djimsiti,D,Dc,ATALANTA,7,7,0,16,True,55.64,46.0,201.0,128.0,560.0,35.7,71.46,0.0,84.11,31.96,5.87,5.89,153,80.5,30.6,0.4,1.0,0.0,0.0,0.296,0.051,4.4,0.0,,False,False,,False,,,2026-09-09T13:29:56.628602+00:00
6916,2026-27,Ahanor,D,B;Ds;E,ATALANTA,6,6,0,13,True,41.22,90.0,201.0,238.0,560.0,34.7,34.77,0.0,23.29,8.85,5.76,5.83,27,35.5,13.5,0.0,0.0,0.0,0.0,0.423,0.0,1.0,0.5,,False,False,,False,,,2026-09-09T13:29:56.628602+00:00
460,2026-27,Romagnoli,D,Dc,LAZIO,6,7,-1,20,True,67.72,17.0,201.0,49.0,560.0,55.9,82.15,0.0,79.58,30.24,5.99,6.01,143,75.3,28.6,1.0,0.0,0.0,0.0,0.313,0.117,5.6,0.8,,False,False,,False,,,2026-09-09T13:29:56.628602+00:00
6663,2026-27,Circati,D,Dc,PARMA,6,6,0,18,True,45.11,75.0,201.0,208.0,560.0,34.45,38.9,0.0,32.5,12.35,5.89,5.91,37,48.7,18.5,0.5,0.0,0.0,0.0,0.387,0.032,3.5,0.0,,False,False,,False,,,2026-09-09T13:29:56.628602+00:00
6426,2026-27,Pedersen,D,Dd;E,TORINO,5,5,0,12,True,38.4,99.0,201.0,259.0,560.0,15.93,41.62,20.54,53.03,20.15,5.76,5.73,75,49.3,18.8,0.2,1.0,0.0,0.0,0.212,0.028,2.5,0.0,,False,False,,False,,,2026-09-09T13:29:56.628602+00:00
4461,2026-27,Zappa,D,B;Dd;E,CAGLIARI,4,4,0,7,True,39.33,96.0,201.0,249.0,560.0,22.63,56.56,20.54,70.61,26.83,5.86,5.8,120,63.2,24.0,0.6,1.0,0.0,0.0,0.237,0.051,2.0,0.2,,False,False,,False,,,2026-09-09T13:29:56.628602+00:00
2593,2026-27,Martin,D,Ds;E,GENOA,4,5,-1,8,True,54.88,50.0,201.0,135.0,560.0,56.85,71.95,0.0,60.92,23.15,6.19,6.04,85,74.6,28.3,0.3,5.0,0.0,0.0,0.251,0.028,3.0,0.3,,False,False,,False,,,2026-09-09T13:29:56.628602+00:00
2115,2026-27,Delli Carri,D,Dc,MONZA,4,4,0,11,True,30.54,126.0,201.0,353.0,560.0,33.83,21.03,20.54,1.05,0.4,5.5,5.58,6,7.9,3.0,0.0,0.0,0.0,0.0,0.442,0.0,0.5,0.0,,False,False,,False,,,2026-09-09T13:29:56.628602+00:00
7211,2026-27,Athekame,D,Dd;E,MILAN,3,3,0,8,True,36.07,106.0,201.0,289.0,560.0,42.03,35.39,0.0,15.66,5.95,6.32,5.94,17,44.7,17.0,2.0,2.0,0.0,0.0,0.246,0.11,3.0,0.0,,False,False,,False,,,2026-09-09T13:29:56.628602+00:00
4772,2026-27,Angelino,D,E,ROMA,3,3,0,12,True,51.06,61.0,201.0,169.0,560.0,48.78,54.77,0.0,38.95,14.8,6.13,6.06,60,52.6,20.0,0.7,1.0,0.0,0.0,0.23,0.051,1.7,0.0,,False,False,,False,,,2026-09-09T13:29:56.628602+00:00
7346,2026-27,Raterink,D,Dd;E,CAGLIARI,1,1,0,1,True,2.49,201.0,201.0,552.0,560.0,0.0,0.0,0.0,0.0,0.0,,,0,0.0,0.0,0.0,0.0,0.0,0.0,,,0.0,0.0,,False,False,,False,,,2026-09-09T13:29:56.628602+00:00
7407,2026-27,Cuenca A.,D,Ds;Dc,COMO,1,1,0,8,True,7.87,181.0,201.0,517.0,560.0,0.0,0.0,0.0,0.0,0.0,,,0,0.0,0.0,0.0,0.0,0.0,0.0,,,0.0,0.0,,False,False,,False,,,2026-09-09T13:29:56.628602+00:00
7468,2026-27,Gelli J.,D,Dc,FROSINONE,1,1,0,1,True,2.49,195.0,201.0,546.0,560.0,0.0,0.0,0.0,0.0,0.0,,,0,0.0,0.0,0.0,0.0,0.0,0.0,,,0.0,0.0,,False,False,,False,,,2026-09-09T13:29:56.628602+00:00
7470,2026-27,Oyono J.,D,Dd;E,FROSINONE,1,1,0,2,True,3.09,194.0,201.0,543.0,560.0,0.0,0.0,0.0,0.0,0.0,,,0,0.0,0.0,0.0,0.0,0.0,0.0,,,0.0,0.0,,False,False,,False,,,2026-09-09T13:29:56.628602+00:00
7471,2026-27,Corrado,D,Ds;E,FROSINONE,1,1,0,1,True,2.49,198.0,201.0,549.0,560.0,0.0,0.0,0.0,0.0,0.0,,,0,0.0,0.0,0.0,0.0,0.0,0.0,,,0.0,0.0,,False,False,,False,,,2026-09-09T13:29:56.628602+00:00
6245,2026-27,Vogliacco,D,Dd;Dc,GENOA,1,1,0,2,True,27.03,137.0,201.0,381.0,560.0,30.23,31.23,0.0,21.05,8.0,5.86,5.84,35,46.1,17.5,1.0,0.5,0.0,0.0,0.335,0.067,4.5,0.0,,False,False,,False,,,2026-09-09T13:29:56.628602+00:00
6244,2026-27,Matturro,D,Ds;Dc,GENOA,1,1,0,2,True,17.96,159.0,201.0,444.0,560.0,20.15,18.08,0.0,9.47,3.6,5.4,5.6,15,19.7,7.5,0.0,0.0,0.0,0.0,0.257,0.0,1.0,0.0,,False,False,,False,,,2026-09-09T13:29:56.628602+00:00
7164,2026-27,Perez M.,D,Dd;Dc,LECCE,1,1,0,1,True,18.58,158.0,201.0,438.0,560.0,28.9,18.75,0.0,0.92,0.35,5.0,5.0,1,2.6,1.0,0.0,0.0,0.0,0.0,,0.0,0.0,0.0,,False,False,,False,,,2026-09-09T13:29:56.628602+00:00
6189,2026-27,Missori,D,Dd;E,SASSUOLO,1,1,0,2,True,21.93,149.0,201.0,417.0,560.0,31.93,22.47,0.0,3.79,1.44,5.69,5.75,8,10.5,4.0,0.0,0.0,0.0,0.0,0.143,0.0,0.5,0.0,,False,False,,False,,,2026-09-09T13:29:56.628602+00:00
7356,2026-27,Mlacic,D,Dc,UDINESE,1,1,0,3,True,24.75,141.0,201.0,394.0,560.0,37.2,23.86,0.0,2.76,1.05,5.67,5.83,3,7.9,3.0,0.0,0.0,0.0,0.0,0.583,0.0,1.0,0.0,,False,False,,False,,,2026-09-09T13:29:56.628602+00:00
7396,2026-27,Macchioni,D,Dc,SASSUOLO,1,1,0,1,True,18.95,155.0,201.0,433.0,560.0,28.9,18.75,4.65,0.92,0.35,4.75,5.0,2,2.6,1.0,0.0,0.0,0.0,0.0,0.0,0.0,0.5,0.0,,False,False,,False,,,2026-09-09T13:29:56.628602+00:00
6984,2026-27,Ondrejka,C,W;A,PARMA,5,5,0,18,True,37.11,97.0,191.0,277.0,560.0,31.63,30.97,0.0,20.39,7.75,6.52,5.96,25,32.9,12.5,2.5,0.0,0.0,0.0,0.519,0.123,1.0,0.0,,False,False,,False,,,2026-09-09T13:29:56.628602+00:00
6424,2026-27,Prati,C,M;C,CAGLIARI,4,4,0,7,True,28.35,133.0,191.0,371.0,560.0,15.32,40.58,0.0,49.74,18.9,5.91,5.89,68,59.6,22.7,0.7,0.3,0.0,0.0,0.193,0.053,3.7,0.0,,False,False,,False,,,2026-09-09T13:29:56.628602+00:00
7474,2026-27,Koutsoupias,C,C,FROSINONE,4,4,0,11,True,6.95,178.0,191.0,525.0,560.0,0.0,0.0,0.0,0.0,0.0,,,0,0.0,0.0,0.0,0.0,0.0,0.0,,,0.0,0.0,,False,False,,False,,,2026-09-09T13:29:56.628602+00:00
4686,2026-27,Fofana Y.,C,M;C,MILAN,4,5,-1,10,True,33.6,110.0,191.0,316.0,560.0,21.24,44.29,0.0,52.76,20.05,6.14,5.94,67,88.2,33.5,1.5,4.5,0.0,0.0,0.315,0.051,4.5,0.0,,False,False,,False,,,2026-09-09T13:29:56.628602+00:00
6271,2026-27,El Aynaoui,C,M;C,ROMA,4,4,0,13,True,38.45,90.0,191.0,257.0,560.0,34.42,33.08,0.0,19.34,7.35,6.1,5.98,21,55.3,21.0,1.0,2.0,0.0,0.0,0.187,0.048,5.0,0.0,,False,False,,False,,,2026-09-09T13:29:56.628602+00:00
5813,2026-27,Miretti,C,C;T,JUVENTUS,3,3,0,7,True,32.93,113.0,191.0,321.0,560.0,24.18,44.45,0.0,49.53,18.82,6.13,5.93,89,46.8,17.8,1.0,1.4,0.0,0.0,0.253,0.099,1.4,0.0,,False,False,,False,,,2026-09-09T13:29:56.628602+00:00
7209,2026-27,Sorensen O.,C,C,PARMA,3,3,0,12,True,28.71,130.0,191.0,366.0,560.0,18.08,28.58,0.0,27.63,10.5,5.95,5.85,30,78.9,30.0,1.0,1.0,0.0,0.0,0.141,0.033,2.0,0.0,,False,False,,False,,,2026-09-09T13:29:56.628602+00:00
7157,2026-27,Iannoni,C,M;C,SASSUOLO,1,1,0,1,True,23.34,147.0,191.0,408.0,560.0,36.05,24.66,0.0,4.61,1.75,6.5,6.0,5,13.2,5.0,1.0,0.0,0.0,0.0,0.375,0.2,1.0,0.0,,False,False,,False,,,2026-09-09T13:29:56.628602+00:00
7392,2026-27,Camara A.,C,M;C,UDINESE,1,1,0,3,True,3.08,186.0,191.0,544.0,560.0,0.0,0.0,0.0,0.0,0.0,,,0,0.0,0.0,0.0,0.0,0.0,0.0,,,0.0,0.0,,False,False,,False,,,2026-09-09T13:29:56.628602+00:00
5485,2026-27,Bjarkason,C,E;W,VENEZIA,1,1,0,3,True,22.67,149.0,191.0,411.0,560.0,34.55,22.84,0.0,2.63,1.0,5.75,5.88,4,10.5,4.0,0.0,0.0,0.0,0.0,0.062,0.0,1.0,0.0,,False,False,,False,,,2026-09-09T13:29:56.628602+00:00
4510,2026-27,Leao,A,A,MILAN,18,18,0,75,True,68.67,7.0,97.0,42.0,560.0,58.49,85.47,0.0,83.42,31.7,7.43,6.33,163,85.8,32.6,10.4,7.4,0.0,0.0,0.693,0.186,4.8,0.2,,False,False,,False,,,2026-09-09T13:29:56.628602+00:00
4728,2026-27,Nkunku,A,A,MILAN,13,13,0,20,True,34.97,50.0,97.0,303.0,560.0,29.38,31.87,0.0,23.95,9.1,6.87,5.94,26,68.4,26.0,7.0,3.0,0.0,0.0,0.467,0.185,0.0,0.0,,False,False,,False,,,2026-09-09T13:29:56.628602+00:00
5672,2026-27,Dia,A,A,LAZIO,10,10,0,20,True,43.09,39.0,97.0,223.0,560.0,18.28,50.5,31.88,65.42,24.86,6.86,5.99,112,58.9,22.4,6.0,2.4,0.0,0.0,0.595,0.256,1.8,0.0,,False,False,,False,,,2026-09-09T13:29:56.628602+00:00
2531,2026-27,Lukaku,A,Pc,NAPOLI,10,10,0,45,True,64.31,12.0,97.0,71.0,560.0,65.0,69.61,0.0,49.34,18.75,7.55,6.22,94,61.8,23.5,9.5,4.5,0.0,0.0,0.702,0.211,2.8,0.2,,False,False,,False,,,2026-09-09T13:29:56.628602+00:00
7313,2026-27,Ratkov,A,Pc,LAZIO,9,10,-1,22,True,28.78,64.0,97.0,365.0,560.0,26.2,19.7,0.0,6.45,2.45,5.64,5.64,7,18.4,7.0,0.0,0.0,0.0,0.0,0.226,0.0,0.0,0.0,,False,False,,False,,,2026-09-09T13:29:56.628602+00:00
6643,2026-27,Dallinga,A,Pc,BOLOGNA,8,8,0,10,True,29.02,63.0,97.0,364.0,560.0,20.99,32.5,0.0,32.63,12.4,6.29,5.89,42,55.3,21.0,2.5,1.5,0.0,0.0,0.311,0.144,1.5,0.0,,False,False,,False,,,2026-09-09T13:29:56.628602+00:00
5544,2026-27,David,A,Pc,JUVENTUS,8,9,-1,25,True,32.43,56.0,97.0,329.0,560.0,15.63,25.33,11.59,27.63,10.5,6.39,5.74,31,40.8,15.5,3.0,1.0,0.0,0.0,0.648,0.166,0.0,0.0,,False,False,,False,,,2026-09-09T13:29:56.628602+00:00
6598,2026-27,Mutandwa,A,Pc,CAGLIARI,6,6,0,7,True,34.34,53.0,97.0,307.0,560.0,48.7,33.12,0.0,3.82,1.45,6.58,6.08,6,7.9,3.0,0.5,0.0,0.0,0.0,0.242,0.2,0.0,0.0,,False,False,,False,,,2026-09-09T13:29:56.628602+00:00
7008,2026-27,Gimenez,A,Pc,MILAN,6,6,0,10,True,22.15,75.0,97.0,415.0,560.0,13.54,21.75,0.0,22.37,8.5,6.21,5.68,28,36.8,14.0,2.5,1.5,0.0,0.0,0.597,0.15,2.0,0.5,,False,False,,False,,,2026-09-09T13:29:56.628602+00:00
313,2026-27,Morata,A,Pc,COMO,4,4,0,7,True,24.33,72.0,97.0,400.0,560.0,15.99,30.55,0.0,33.55,12.75,6.52,5.95,68,59.6,22.7,4.7,1.3,0.0,0.0,0.516,0.229,4.0,0.3,,False,False,,False,,,2026-09-09T13:29:56.628602+00:00
7128,2026-27,Kuhn,A,W;A,COMO,3,3,0,5,True,27.62,65.0,97.0,377.0,560.0,34.43,30.65,0.0,12.89,4.9,6.25,5.96,14,36.8,14.0,1.0,1.0,0.0,0.0,0.21,0.071,0.0,0.0,,False,False,,False,,,2026-09-09T13:29:56.628602+00:00
383,2026-27,Petagna,A,Pc,MONZA,2,2,0,5,True,20.98,76.0,97.0,422.0,560.0,14.64,24.6,0.0,25.03,9.51,6.34,5.92,66,43.4,16.5,2.0,1.8,0.0,0.0,0.389,0.168,1.5,0.0,,False,False,,False,,,2026-09-09T13:29:56.628602+00:00
7249,2026-27,Buksa,A,Pc,UDINESE,2,2,0,4,True,25.28,68.0,97.0,388.0,560.0,27.55,28.27,0.0,19.34,7.35,6.24,5.88,21,55.3,21.0,3.0,0.0,0.0,0.0,0.298,0.129,3.0,0.0,,False,False,,False,,,2026-09-09T13:29:56.628602+00:00
7338,2026-27,Albarracin,A,A,CAGLIARI,1,1,0,1,True,24.94,70.0,97.0,392.0,560.0,40.83,26.52,0.0,1.84,0.7,6.0,6.0,2,5.3,2.0,0.0,0.0,0.0,0.0,0.0,0.0,0.0,0.0,,False,False,,False,,,2026-09-09T13:29:56.628602+00:00
7027,2026-27,Azon,A,Pc,COMO,1,1,0,1,True,2.44,96.0,97.0,555.0,560.0,0.0,0.0,0.0,0.0,0.0,,,0,0.0,0.0,0.0,0.0,0.0,0.0,,,0.0,0.0,,False,False,,False,,,2026-09-09T13:29:56.628602+00:00
6981,2026-27,Vaz,A,Pc,ROMA,1,1,0,4,True,25.07,69.0,97.0,389.0,560.0,35.89,25.95,0.0,6.45,2.45,6.36,5.93,7,18.4,7.0,1.0,0.0,0.0,0.0,0.286,0.143,0.0,0.0,,False,False,,False,,,2026-09-09T13:29:56.628602+00:00
7158,2026-27,Moro L.,A,Pc,SASSUOLO,1,1,0,1,True,18.9,78.0,97.0,435.0,560.0,25.94,19.57,0.0,5.53,2.1,5.5,5.58,6,15.8,6.0,0.0,0.0,0.0,0.0,0.142,0.0,1.0,0.0,,False,False,,False,,,2026-09-09T13:29:56.628602+00:00
